alert_id,alert_type,severity,related_sku,related_location,related_supplier,message,created_at,resolved,resolved_at
ALT-300000,LOW_STOCK,CRITICAL,SKU-00332,LOC-020,,Low Stock — review required (0),2026-07-17T07:37:46,false,
ALT-300001,SUPPLIER_RISK,CRITICAL,,,SUP-134,Supplier Risk — review required (1),2026-07-06T18:37:46,false,
ALT-300002,EXPIRY_WARNING,CRITICAL,SKU-00022,,,Expiry Warning — review required (2),2026-07-07T16:37:46,false,
ALT-300003,EXPIRY_WARNING,HIGH,SKU-00223,,,Expiry Warning — review required (3),2026-07-23T05:37:46,false,
ALT-300004,SHIPMENT_DELAY,HIGH,,,,Shipment Delay — review required (4),2026-07-26T04:37:46,true,2026-07-27T14:37:46.555489
ALT-300005,SHIPMENT_DELAY,HIGH,,,,Shipment Delay — review required (5),2026-07-01T17:37:46,false,
ALT-300006,CAPACITY_WARNING,HIGH,,LOC-004,,Capacity Warning — review required (6),2026-07-26T04:37:46,false,
ALT-300007,LOW_STOCK,HIGH,SKU-00363,LOC-013,,Low Stock — review required (7),2026-07-30T15:37:46,false,
ALT-300008,SHIPMENT_DELAY,HIGH,,,,Shipment Delay — review required (8),2026-07-07T14:37:46,true,2026-07-09T07:37:46.555489
ALT-300009,AUDIT_DUE,HIGH,,,SUP-135,Audit Due — review required (9),2026-07-09T19:37:46,false,
ALT-300010,AUDIT_DUE,HIGH,,,SUP-195,Audit Due — review required (10),2026-07-03T02:37:46,true,2026-07-03T09:37:46.555489
ALT-300011,SHIPMENT_DELAY,HIGH,,,,Shipment Delay — review required (11),2026-07-22T19:37:46,true,2026-07-23T02:37:46.555489
ALT-300012,SUPPLIER_RISK,HIGH,,,SUP-054,Supplier Risk — review required (12),2026-07-14T12:37:46,true,2026-07-15T20:37:46.555489
ALT-300013,SUPPLIER_RISK,HIGH,,,SUP-134,Supplier Risk — review required (13),2026-07-22T11:37:46,false,
ALT-300014,LOW_STOCK,HIGH,SKU-00281,LOC-015,,Low Stock — review required (14),2026-07-11T14:37:46,false,
ALT-300015,EXPIRY_WARNING,HIGH,SKU-00144,,,Expiry Warning — review required (15),2026-07-19T01:37:46,false,
ALT-300016,AUDIT_DUE,HIGH,,,SUP-181,Audit Due — review required (16),2026-07-21T19:37:46,false,
ALT-300017,SHIPMENT_DELAY,MEDIUM,,,,Shipment Delay — review required (17),2026-07-16T12:37:46,true,2026-07-16T19:37:46.555489
ALT-300018,CAPACITY_WARNING,MEDIUM,,LOC-009,,Capacity Warning — review required (18),2026-07-19T06:37:46,true,2026-07-20T08:37:46.555489
ALT-300019,LOW_STOCK,MEDIUM,SKU-00086,LOC-009,,Low Stock — review required (19),2026-07-17T08:37:46,false,
ALT-300020,SUPPLIER_RISK,MEDIUM,,,SUP-045,Supplier Risk — review required (20),2026-07-30T03:37:46,false,
ALT-300021,LOW_STOCK,CRITICAL,SKU-00036,LOC-007,,Low Stock — review required (21),2026-07-10T14:37:46,true,2026-07-11T17:37:46.555489
ALT-300022,AUDIT_DUE,LOW,,,SUP-037,Audit Due — review required (22),2026-07-15T14:37:46,false,
ALT-300023,CAPACITY_WARNING,MEDIUM,,LOC-014,,Capacity Warning — review required (23),2026-07-18T21:37:46,false,
ALT-300024,EXPIRY_WARNING,CRITICAL,SKU-00318,,,Expiry Warning — review required (24),2026-07-04T21:37:46,true,2026-07-06T15:37:46.555489
ALT-300025,SHIPMENT_DELAY,HIGH,,,,Shipment Delay — review required (25),2026-07-07T07:37:46,true,2026-07-09T00:37:46.555489
ALT-300026,SUPPLIER_RISK,HIGH,,,SUP-127,Supplier Risk — review required (26),2026-07-19T00:37:46,true,2026-07-19T10:37:46.555489
ALT-300027,CAPACITY_WARNING,LOW,,LOC-005,,Capacity Warning — review required (27),2026-07-13T18:37:46,false,
ALT-300028,LOW_STOCK,MEDIUM,SKU-00171,LOC-019,,Low Stock — review required (28),2026-07-27T02:37:46,false,
ALT-300029,EXPIRY_WARNING,MEDIUM,SKU-00199,,,Expiry Warning — review required (29),2026-07-17T14:37:46,false,
ALT-300030,SHIPMENT_DELAY,CRITICAL,,,,Shipment Delay — review required (30),2026-07-13T14:37:46,false,
ALT-300031,AUDIT_DUE,LOW,,,SUP-068,Audit Due — review required (31),2026-07-07T00:37:46,false,
ALT-300032,SHIPMENT_DELAY,CRITICAL,,,,Shipment Delay — review required (32),2026-07-02T05:37:46,true,2026-07-03T23:37:46.555489
ALT-300033,SHIPMENT_DELAY,MEDIUM,,,,Shipment Delay — review required (33),2026-07-04T01:37:46,false,
ALT-300034,SHIPMENT_DELAY,HIGH,,,,Shipment Delay — review required (34),2026-07-09T16:37:46,false,
ALT-300035,EXPIRY_WARNING,MEDIUM,SKU-00241,,,Expiry Warning — review required (35),2026-07-17T06:37:46,true,2026-07-17T15:37:46.555489
ALT-300036,SUPPLIER_RISK,HIGH,,,SUP-096,Supplier Risk — review required (36),2026-07-16T01:37:46,false,
ALT-300037,AUDIT_DUE,LOW,,,SUP-193,Audit Due — review required (37),2026-07-22T10:37:46,true,2026-07-23T07:37:46.555489
ALT-300038,EXPIRY_WARNING,LOW,SKU-00262,,,Expiry Warning — review required (38),2026-07-19T13:37:46,false,
ALT-300039,SUPPLIER_RISK,LOW,,,SUP-095,Supplier Risk — review required (39),2026-07-05T04:37:46,false,
ALT-300040,SHIPMENT_DELAY,CRITICAL,,,,Shipment Delay — review required (40),2026-07-30T05:37:46,true,2026-07-31T13:37:46.555489
ALT-300041,LOW_STOCK,MEDIUM,SKU-00127,LOC-013,,Low Stock — review required (41),2026-07-05T16:37:46,true,2026-07-05T19:37:46.555489
ALT-300042,SUPPLIER_RISK,HIGH,,,SUP-030,Supplier Risk — review required (42),2026-07-03T14:37:46,true,2026-07-05T10:37:46.555489
ALT-300043,SHIPMENT_DELAY,HIGH,,,,Shipment Delay — review required (43),2026-07-04T13:37:46,false,
ALT-300044,EXPIRY_WARNING,MEDIUM,SKU-00078,,,Expiry Warning — review required (44),2026-07-04T19:37:46,false,
ALT-300045,EXPIRY_WARNING,LOW,SKU-00410,,,Expiry Warning — review required (45),2026-07-19T02:37:46,false,
ALT-300046,CAPACITY_WARNING,HIGH,,LOC-016,,Capacity Warning — review required (46),2026-07-23T12:37:46,false,
ALT-300047,SUPPLIER_RISK,HIGH,,,SUP-015,Supplier Risk — review required (47),2026-07-26T02:37:46,true,2026-07-26T13:37:46.555489
ALT-300048,EXPIRY_WARNING,LOW,SKU-00081,,,Expiry Warning — review required (48),2026-07-18T00:37:46,false,
ALT-300049,LOW_STOCK,MEDIUM,SKU-00311,LOC-017,,Low Stock — review required (49),2026-07-07T12:37:46,true,2026-07-08T15:37:46.555489
ALT-300050,SUPPLIER_RISK,MEDIUM,,,SUP-067,Supplier Risk — review required (50),2026-07-27T02:37:46,false,
ALT-300051,SUPPLIER_RISK,LOW,,,SUP-014,Supplier Risk — review required (51),2026-07-03T22:37:46,false,
ALT-300052,LOW_STOCK,CRITICAL,SKU-00136,LOC-013,,Low Stock — review required (52),2026-07-19T12:37:46,false,
ALT-300053,SHIPMENT_DELAY,CRITICAL,,,,Shipment Delay — review required (53),2026-07-27T11:37:46,true,2026-07-29T09:37:46.555489
ALT-300054,EXPIRY_WARNING,CRITICAL,SKU-00417,,,Expiry Warning — review required (54),2026-07-19T00:37:46,false,
ALT-300055,AUDIT_DUE,CRITICAL,,,SUP-162,Audit Due — review required (55),2026-07-28T13:37:46,true,2026-07-29T10:37:46.555489
ALT-300056,LOW_STOCK,MEDIUM,SKU-00299,LOC-004,,Low Stock — review required (56),2026-07-18T16:37:46,false,
ALT-300057,LOW_STOCK,LOW,SKU-00496,LOC-004,,Low Stock — review required (57),2026-07-11T05:37:46,false,
ALT-300058,CAPACITY_WARNING,LOW,,LOC-012,,Capacity Warning — review required (58),2026-07-10T23:37:46,false,
ALT-300059,SHIPMENT_DELAY,HIGH,,,,Shipment Delay — review required (59),2026-07-19T20:37:46,false,
ALT-300060,CAPACITY_WARNING,HIGH,,LOC-020,,Capacity Warning — review required (60),2026-07-06T09:37:46,false,
ALT-300061,SUPPLIER_RISK,MEDIUM,,,SUP-199,Supplier Risk — review required (61),2026-07-12T09:37:46,false,
ALT-300062,EXPIRY_WARNING,CRITICAL,SKU-00053,,,Expiry Warning — review required (62),2026-07-23T09:37:46,true,2026-07-24T19:37:46.555489
ALT-300063,EXPIRY_WARNING,HIGH,SKU-00481,,,Expiry Warning — review required (63),2026-07-19T00:37:46,false,
ALT-300064,SUPPLIER_RISK,HIGH,,,SUP-035,Supplier Risk — review required (64),2026-07-03T11:37:46,false,
ALT-300065,SHIPMENT_DELAY,HIGH,,,,Shipment Delay — review required (65),2026-07-24T23:37:46,false,
ALT-300066,SHIPMENT_DELAY,CRITICAL,,,,Shipment Delay — review required (66),2026-07-11T20:37:46,false,
ALT-300067,SUPPLIER_RISK,MEDIUM,,,SUP-042,Supplier Risk — review required (67),2026-07-11T15:37:46,true,2026-07-12T09:37:46.555489
ALT-300068,SHIPMENT_DELAY,MEDIUM,,,,Shipment Delay — review required (68),2026-07-28T20:37:46,false,
ALT-300069,SHIPMENT_DELAY,MEDIUM,,,,Shipment Delay — review required (69),2026-07-27T08:37:46,false,
ALT-300070,LOW_STOCK,LOW,SKU-00346,LOC-006,,Low Stock — review required (70),2026-07-13T16:37:46,true,2026-07-14T13:37:46.555489
ALT-300071,CAPACITY_WARNING,MEDIUM,,LOC-014,,Capacity Warning — review required (71),2026-07-27T06:37:46,false,
ALT-300072,SHIPMENT_DELAY,HIGH,,,,Shipment Delay — review required (72),2026-07-04T00:37:46,false,
ALT-300073,SHIPMENT_DELAY,HIGH,,,,Shipment Delay — review required (73),2026-07-02T16:37:46,false,
ALT-300074,CAPACITY_WARNING,MEDIUM,,LOC-015,,Capacity Warning — review required (74),2026-07-24T10:37:46,false,
ALT-300075,AUDIT_DUE,LOW,,,SUP-004,Audit Due — review required (75),2026-07-18T16:37:46,true,2026-07-20T14:37:46.555489
ALT-300076,LOW_STOCK,HIGH,SKU-00047,LOC-019,,Low Stock — review required (76),2026-07-11T18:37:46,true,2026-07-12T19:37:46.555489
ALT-300077,SHIPMENT_DELAY,CRITICAL,,,,Shipment Delay — review required (77),2026-07-25T12:37:46,false,
ALT-300078,AUDIT_DUE,CRITICAL,,,SUP-116,Audit Due — review required (78),2026-07-26T11:37:46,false,
ALT-300079,LOW_STOCK,LOW,SKU-00034,LOC-004,,Low Stock — review required (79),2026-07-16T10:37:46,false,
ALT-300080,LOW_STOCK,HIGH,SKU-00491,LOC-003,,Low Stock — review required (80),2026-07-21T16:37:46,true,2026-07-23T01:37:46.555489
ALT-300081,LOW_STOCK,LOW,SKU-00189,LOC-017,,Low Stock — review required (81),2026-07-15T23:37:46,false,
ALT-300082,AUDIT_DUE,LOW,,,SUP-012,Audit Due — review required (82),2026-07-23T03:37:46,false,
ALT-300083,AUDIT_DUE,HIGH,,,SUP-062,Audit Due — review required (83),2026-07-08T16:37:46,false,
ALT-300084,LOW_STOCK,CRITICAL,SKU-00472,LOC-007,,Low Stock — review required (84),2026-07-07T16:37:46,false,
ALT-300085,SUPPLIER_RISK,LOW,,,SUP-081,Supplier Risk — review required (85),2026-07-13T00:37:46,false,
ALT-300086,SHIPMENT_DELAY,HIGH,,,,Shipment Delay — review required (86),2026-07-03T12:37:46,false,
ALT-300087,EXPIRY_WARNING,HIGH,SKU-00444,,,Expiry Warning — review required (87),2026-07-08T03:37:46,false,
ALT-300088,SHIPMENT_DELAY,HIGH,,,,Shipment Delay — review required (88),2026-07-30T04:37:46,false,
ALT-300089,LOW_STOCK,CRITICAL,SKU-00214,LOC-016,,Low Stock — review required (89),2026-07-07T23:37:46,false,
ALT-300090,AUDIT_DUE,MEDIUM,,,SUP-029,Audit Due — review required (90),2026-07-17T20:37:46,false,
ALT-300091,CAPACITY_WARNING,MEDIUM,,LOC-003,,Capacity Warning — review required (91),2026-07-04T15:37:46,true,2026-07-04T23:37:46.555489
ALT-300092,CAPACITY_WARNING,MEDIUM,,LOC-017,,Capacity Warning — review required (92),2026-07-07T02:37:46,false,
ALT-300093,SHIPMENT_DELAY,HIGH,,,,Shipment Delay — review required (93),2026-07-31T11:37:46,false,
ALT-300094,LOW_STOCK,MEDIUM,SKU-00055,LOC-017,,Low Stock — review required (94),2026-07-08T16:37:46,false,
ALT-300095,SHIPMENT_DELAY,MEDIUM,,,,Shipment Delay — review required (95),2026-07-14T13:37:46,false,
ALT-300096,CAPACITY_WARNING,CRITICAL,,LOC-013,,Capacity Warning — review required (96),2026-07-17T07:37:46,false,
ALT-300097,AUDIT_DUE,MEDIUM,,,SUP-180,Audit Due — review required (97),2026-07-09T12:37:46,true,2026-07-10T23:37:46.555489
ALT-300098,SUPPLIER_RISK,CRITICAL,,,SUP-059,Supplier Risk — review required (98),2026-07-17T03:37:46,false,
ALT-300099,SUPPLIER_RISK,HIGH,,,SUP-199,Supplier Risk — review required (99),2026-07-10T09:37:46,true,2026-07-10T20:37:46.555489
ALT-300100,CAPACITY_WARNING,LOW,,LOC-018,,Capacity Warning — review required (100),2026-07-15T17:37:46,false,
ALT-300101,EXPIRY_WARNING,HIGH,SKU-00309,,,Expiry Warning — review required (101),2026-07-14T20:37:46,false,
ALT-300102,AUDIT_DUE,CRITICAL,,,SUP-118,Audit Due — review required (102),2026-07-26T06:37:46,true,2026-07-27T00:37:46.555489
ALT-300103,CAPACITY_WARNING,HIGH,,LOC-007,,Capacity Warning — review required (103),2026-07-28T05:37:46,false,
ALT-300104,EXPIRY_WARNING,HIGH,SKU-00252,,,Expiry Warning — review required (104),2026-07-21T15:37:46,false,
ALT-300105,AUDIT_DUE,HIGH,,,SUP-039,Audit Due — review required (105),2026-07-10T12:37:46,false,
ALT-300106,CAPACITY_WARNING,HIGH,,LOC-016,,Capacity Warning — review required (106),2026-07-08T17:37:46,false,
ALT-300107,CAPACITY_WARNING,MEDIUM,,LOC-003,,Capacity Warning — review required (107),2026-07-18T11:37:46,false,
ALT-300108,SUPPLIER_RISK,MEDIUM,,,SUP-067,Supplier Risk — review required (108),2026-07-19T05:37:46,true,2026-07-19T08:37:46.555489
ALT-300109,SHIPMENT_DELAY,LOW,,,,Shipment Delay — review required (109),2026-07-26T16:37:46,true,2026-07-28T09:37:46.555489
ALT-300110,LOW_STOCK,MEDIUM,SKU-00242,LOC-006,,Low Stock — review required (110),2026-07-22T07:37:46,false,
ALT-300111,LOW_STOCK,CRITICAL,SKU-00495,LOC-008,,Low Stock — review required (111),2026-07-25T22:37:46,false,
ALT-300112,CAPACITY_WARNING,CRITICAL,,LOC-018,,Capacity Warning — review required (112),2026-07-11T10:37:46,false,
ALT-300113,AUDIT_DUE,MEDIUM,,,SUP-193,Audit Due — review required (113),2026-07-20T07:37:46,false,
ALT-300114,LOW_STOCK,LOW,SKU-00293,LOC-013,,Low Stock — review required (114),2026-07-18T22:37:46,true,2026-07-20T02:37:46.555489
ALT-300115,EXPIRY_WARNING,HIGH,SKU-00117,,,Expiry Warning — review required (115),2026-07-22T11:37:46,true,2026-07-22T14:37:46.555489
ALT-300116,AUDIT_DUE,MEDIUM,,,SUP-075,Audit Due — review required (116),2026-07-17T10:37:46,true,2026-07-18T19:37:46.555489
ALT-300117,EXPIRY_WARNING,CRITICAL,SKU-00208,,,Expiry Warning — review required (117),2026-07-18T17:37:46,true,2026-07-20T07:37:46.555489
ALT-300118,SUPPLIER_RISK,HIGH,,,SUP-177,Supplier Risk — review required (118),2026-07-22T23:37:46,false,
ALT-300119,AUDIT_DUE,MEDIUM,,,SUP-189,Audit Due — review required (119),2026-07-25T16:37:46,false,
ALT-300120,EXPIRY_WARNING,LOW,SKU-00091,,,Expiry Warning — review required (120),2026-07-12T06:37:46,true,2026-07-12T14:37:46.555489
ALT-300121,AUDIT_DUE,HIGH,,,SUP-083,Audit Due — review required (121),2026-07-15T22:37:46,false,
ALT-300122,SHIPMENT_DELAY,HIGH,,,,Shipment Delay — review required (122),2026-07-30T00:37:46,true,2026-07-30T07:37:46.555489
ALT-300123,EXPIRY_WARNING,CRITICAL,SKU-00090,,,Expiry Warning — review required (123),2026-07-08T13:37:46,false,
ALT-300124,CAPACITY_WARNING,CRITICAL,,LOC-002,,Capacity Warning — review required (124),2026-07-03T21:37:46,false,
ALT-300125,LOW_STOCK,HIGH,SKU-00235,LOC-002,,Low Stock — review required (125),2026-07-22T11:37:46,true,2026-07-23T00:37:46.555489
ALT-300126,LOW_STOCK,LOW,SKU-00461,LOC-011,,Low Stock — review required (126),2026-07-24T08:37:46,true,2026-07-25T13:37:46.555489
ALT-300127,AUDIT_DUE,LOW,,,SUP-060,Audit Due — review required (127),2026-07-18T21:37:46,true,2026-07-19T07:37:46.555489
ALT-300128,EXPIRY_WARNING,MEDIUM,SKU-00169,,,Expiry Warning — review required (128),2026-07-03T13:37:46,false,
ALT-300129,SHIPMENT_DELAY,HIGH,,,,Shipment Delay — review required (129),2026-07-19T04:37:46,false,
ALT-300130,AUDIT_DUE,LOW,,,SUP-097,Audit Due — review required (130),2026-07-19T03:37:46,false,
ALT-300131,AUDIT_DUE,MEDIUM,,,SUP-144,Audit Due — review required (131),2026-07-13T01:37:46,true,2026-07-13T21:37:46.555489
ALT-300132,LOW_STOCK,HIGH,SKU-00492,LOC-003,,Low Stock — review required (132),2026-07-21T11:37:46,true,2026-07-22T11:37:46.555489
ALT-300133,SUPPLIER_RISK,HIGH,,,SUP-009,Supplier Risk — review required (133),2026-07-20T13:37:46,true,2026-07-21T22:37:46.555489
ALT-300134,EXPIRY_WARNING,CRITICAL,SKU-00445,,,Expiry Warning — review required (134),2026-07-05T06:37:46,false,
ALT-300135,SHIPMENT_DELAY,LOW,,,,Shipment Delay — review required (135),2026-07-11T07:37:46,false,
ALT-300136,EXPIRY_WARNING,CRITICAL,SKU-00206,,,Expiry Warning — review required (136),2026-07-05T13:37:46,false,
ALT-300137,EXPIRY_WARNING,MEDIUM,SKU-00321,,,Expiry Warning — review required (137),2026-07-05T17:37:46,false,
ALT-300138,SHIPMENT_DELAY,MEDIUM,,,,Shipment Delay — review required (138),2026-07-23T12:37:46,false,
ALT-300139,EXPIRY_WARNING,LOW,SKU-00174,,,Expiry Warning — review required (139),2026-07-14T11:37:46,false,
ALT-300140,CAPACITY_WARNING,MEDIUM,,LOC-008,,Capacity Warning — review required (140),2026-07-21T22:37:46,true,2026-07-22T04:37:46.555489
ALT-300141,CAPACITY_WARNING,CRITICAL,,LOC-018,,Capacity Warning — review required (141),2026-07-28T12:37:46,true,2026-07-29T19:37:46.555489
ALT-300142,SUPPLIER_RISK,CRITICAL,,,SUP-166,Supplier Risk — review required (142),2026-07-31T06:37:46,false,
ALT-300143,SHIPMENT_DELAY,HIGH,,,,Shipment Delay — review required (143),2026-07-12T19:37:46,true,2026-07-12T23:37:46.555489
ALT-300144,SUPPLIER_RISK,CRITICAL,,,SUP-032,Supplier Risk — review required (144),2026-07-03T22:37:46,true,2026-07-05T01:37:46.555489
ALT-300145,EXPIRY_WARNING,LOW,SKU-00487,,,Expiry Warning — review required (145),2026-07-16T06:37:46,false,
ALT-300146,AUDIT_DUE,LOW,,,SUP-149,Audit Due — review required (146),2026-07-27T02:37:46,false,
ALT-300147,EXPIRY_WARNING,MEDIUM,SKU-00321,,,Expiry Warning — review required (147),2026-07-28T15:37:46,false,
ALT-300148,EXPIRY_WARNING,CRITICAL,SKU-00297,,,Expiry Warning — review required (148),2026-07-06T07:37:46,true,2026-07-07T17:37:46.555489
ALT-300149,SUPPLIER_RISK,MEDIUM,,,SUP-175,Supplier Risk — review required (149),2026-07-27T21:37:46,false,
ALT-300150,SHIPMENT_DELAY,MEDIUM,,,,Shipment Delay — review required (150),2026-07-25T17:37:46,true,2026-07-26T14:37:46.555489
ALT-300151,SHIPMENT_DELAY,CRITICAL,,,,Shipment Delay — review required (151),2026-07-16T00:37:46,true,2026-07-17T02:37:46.555489
ALT-300152,CAPACITY_WARNING,CRITICAL,,LOC-004,,Capacity Warning — review required (152),2026-07-10T18:37:46,false,
ALT-300153,AUDIT_DUE,CRITICAL,,,SUP-086,Audit Due — review required (153),2026-07-21T00:37:46,false,
ALT-300154,CAPACITY_WARNING,CRITICAL,,LOC-009,,Capacity Warning — review required (154),2026-07-08T04:37:46,true,2026-07-09T01:37:46.555489
ALT-300155,EXPIRY_WARNING,HIGH,SKU-00459,,,Expiry Warning — review required (155),2026-07-02T06:37:46,false,
ALT-300156,EXPIRY_WARNING,MEDIUM,SKU-00341,,,Expiry Warning — review required (156),2026-07-13T08:37:46,false,
ALT-300157,SUPPLIER_RISK,CRITICAL,,,SUP-138,Supplier Risk — review required (157),2026-07-15T10:37:46,false,
ALT-300158,SHIPMENT_DELAY,MEDIUM,,,,Shipment Delay — review required (158),2026-07-20T23:37:46,false,
ALT-300159,CAPACITY_WARNING,LOW,,LOC-017,,Capacity Warning — review required (159),2026-07-27T12:37:46,false,
ALT-300160,AUDIT_DUE,CRITICAL,,,SUP-031,Audit Due — review required (160),2026-07-15T09:37:46,true,2026-07-17T08:37:46.555489
ALT-300161,SUPPLIER_RISK,LOW,,,SUP-103,Supplier Risk — review required (161),2026-07-23T22:37:46,false,
ALT-300162,EXPIRY_WARNING,CRITICAL,SKU-00366,,,Expiry Warning — review required (162),2026-07-19T11:37:46,false,
ALT-300163,SUPPLIER_RISK,HIGH,,,SUP-092,Supplier Risk — review required (163),2026-07-06T01:37:46,false,
ALT-300164,LOW_STOCK,LOW,SKU-00406,LOC-003,,Low Stock — review required (164),2026-07-20T19:37:46,false,
ALT-300165,LOW_STOCK,MEDIUM,SKU-00210,LOC-002,,Low Stock — review required (165),2026-07-06T15:37:46,true,2026-07-08T12:37:46.555489
ALT-300166,LOW_STOCK,LOW,SKU-00053,LOC-017,,Low Stock — review required (166),2026-07-27T09:37:46,true,2026-07-28T07:37:46.555489
ALT-300167,EXPIRY_WARNING,HIGH,SKU-00060,,,Expiry Warning — review required (167),2026-07-28T14:37:46,true,2026-07-29T13:37:46.555489
ALT-300168,CAPACITY_WARNING,MEDIUM,,LOC-015,,Capacity Warning — review required (168),2026-07-21T23:37:46,false,
ALT-300169,LOW_STOCK,LOW,SKU-00465,LOC-015,,Low Stock — review required (169),2026-07-15T15:37:46,true,2026-07-16T01:37:46.555489
ALT-300170,EXPIRY_WARNING,HIGH,SKU-00500,,,Expiry Warning — review required (170),2026-07-30T15:37:46,true,2026-07-30T17:37:46.555489
ALT-300171,CAPACITY_WARNING,CRITICAL,,LOC-002,,Capacity Warning — review required (171),2026-07-07T11:37:46,false,
ALT-300172,AUDIT_DUE,HIGH,,,SUP-136,Audit Due — review required (172),2026-07-29T18:37:46,true,2026-07-30T19:37:46.555489
ALT-300173,AUDIT_DUE,CRITICAL,,,SUP-079,Audit Due — review required (173),2026-07-24T15:37:46,true,2026-07-25T11:37:46.555489
ALT-300174,CAPACITY_WARNING,CRITICAL,,LOC-006,,Capacity Warning — review required (174),2026-07-07T04:37:46,false,
ALT-300175,CAPACITY_WARNING,CRITICAL,,LOC-011,,Capacity Warning — review required (175),2026-07-02T14:37:46,true,2026-07-02T16:37:46.555489
ALT-300176,SUPPLIER_RISK,LOW,,,SUP-194,Supplier Risk — review required (176),2026-07-16T17:37:46,false,
ALT-300177,AUDIT_DUE,LOW,,,SUP-055,Audit Due — review required (177),2026-07-24T19:37:46,false,
ALT-300178,AUDIT_DUE,HIGH,,,SUP-172,Audit Due — review required (178),2026-07-14T23:37:46,false,
ALT-300179,LOW_STOCK,MEDIUM,SKU-00362,LOC-008,,Low Stock — review required (179),2026-07-17T19:37:46,true,2026-07-18T20:37:46.555489
ALT-300180,CAPACITY_WARNING,HIGH,,LOC-002,,Capacity Warning — review required (180),2026-07-28T03:37:46,false,
ALT-300181,LOW_STOCK,HIGH,SKU-00032,LOC-019,,Low Stock — review required (181),2026-07-12T08:37:46,true,2026-07-13T08:37:46.555489
ALT-300182,SHIPMENT_DELAY,CRITICAL,,,,Shipment Delay — review required (182),2026-07-07T02:37:46,false,
ALT-300183,EXPIRY_WARNING,LOW,SKU-00004,,,Expiry Warning — review required (183),2026-07-03T11:37:46,true,2026-07-04T23:37:46.555489
ALT-300184,LOW_STOCK,HIGH,SKU-00126,LOC-002,,Low Stock — review required (184),2026-07-19T21:37:46,true,2026-07-20T23:37:46.555489
ALT-300185,CAPACITY_WARNING,MEDIUM,,LOC-003,,Capacity Warning — review required (185),2026-07-04T14:37:46,false,
ALT-300186,CAPACITY_WARNING,MEDIUM,,LOC-013,,Capacity Warning — review required (186),2026-07-06T10:37:46,false,
ALT-300187,SHIPMENT_DELAY,CRITICAL,,,,Shipment Delay — review required (187),2026-07-11T10:37:46,false,
ALT-300188,CAPACITY_WARNING,HIGH,,LOC-008,,Capacity Warning — review required (188),2026-07-16T18:37:46,false,
ALT-300189,LOW_STOCK,CRITICAL,SKU-00133,LOC-016,,Low Stock — review required (189),2026-07-16T18:37:46,true,2026-07-18T14:37:46.555489
ALT-300190,SHIPMENT_DELAY,LOW,,,,Shipment Delay — review required (190),2026-07-17T11:37:46,false,
ALT-300191,LOW_STOCK,LOW,SKU-00210,LOC-018,,Low Stock — review required (191),2026-07-10T10:37:46,true,2026-07-11T00:37:46.555489
ALT-300192,SHIPMENT_DELAY,CRITICAL,,,,Shipment Delay — review required (192),2026-07-29T04:37:46,true,2026-07-29T17:37:46.555489
ALT-300193,EXPIRY_WARNING,CRITICAL,SKU-00309,,,Expiry Warning — review required (193),2026-07-21T18:37:46,true,2026-07-21T21:37:46.555489
ALT-300194,SHIPMENT_DELAY,HIGH,,,,Shipment Delay — review required (194),2026-07-08T17:37:46,true,2026-07-10T16:37:46.555489
ALT-300195,LOW_STOCK,LOW,SKU-00450,LOC-007,,Low Stock — review required (195),2026-07-24T16:37:46,true,2026-07-25T00:37:46.555489
ALT-300196,AUDIT_DUE,MEDIUM,,,SUP-046,Audit Due — review required (196),2026-07-26T07:37:46,false,
ALT-300197,EXPIRY_WARNING,LOW,SKU-00341,,,Expiry Warning — review required (197),2026-07-20T05:37:46,false,
ALT-300198,SUPPLIER_RISK,CRITICAL,,,SUP-114,Supplier Risk — review required (198),2026-07-29T10:37:46,false,
ALT-300199,SUPPLIER_RISK,MEDIUM,,,SUP-111,Supplier Risk — review required (199),2026-07-31T00:37:46,true,2026-08-01T17:37:46.555489
ALT-300200,EXPIRY_WARNING,LOW,SKU-00058,,,Expiry Warning — review required (200),2026-07-27T04:37:46,false,
ALT-300201,EXPIRY_WARNING,MEDIUM,SKU-00239,,,Expiry Warning — review required (201),2026-07-12T07:37:46,true,2026-07-13T09:37:46.555489
ALT-300202,LOW_STOCK,MEDIUM,SKU-00489,LOC-011,,Low Stock — review required (202),2026-07-02T16:37:46,false,
ALT-300203,CAPACITY_WARNING,CRITICAL,,LOC-010,,Capacity Warning — review required (203),2026-07-27T18:37:46,true,2026-07-29T09:37:46.555489
ALT-300204,LOW_STOCK,LOW,SKU-00473,LOC-013,,Low Stock — review required (204),2026-07-03T06:37:46,false,
ALT-300205,EXPIRY_WARNING,HIGH,SKU-00476,,,Expiry Warning — review required (205),2026-07-07T23:37:46,false,
ALT-300206,LOW_STOCK,CRITICAL,SKU-00256,LOC-018,,Low Stock — review required (206),2026-07-21T09:37:46,true,2026-07-23T02:37:46.555489
ALT-300207,CAPACITY_WARNING,MEDIUM,,LOC-012,,Capacity Warning — review required (207),2026-07-07T14:37:46,true,2026-07-08T08:37:46.555489
ALT-300208,EXPIRY_WARNING,CRITICAL,SKU-00148,,,Expiry Warning — review required (208),2026-07-15T14:37:46,false,
ALT-300209,CAPACITY_WARNING,MEDIUM,,LOC-017,,Capacity Warning — review required (209),2026-07-14T05:37:46,true,2026-07-14T20:37:46.555489
ALT-300210,SHIPMENT_DELAY,MEDIUM,,,,Shipment Delay — review required (210),2026-07-04T22:37:46,true,2026-07-06T03:37:46.555489
ALT-300211,SUPPLIER_RISK,HIGH,,,SUP-120,Supplier Risk — review required (211),2026-07-28T17:37:46,false,
ALT-300212,CAPACITY_WARNING,LOW,,LOC-004,,Capacity Warning — review required (212),2026-07-15T01:37:46,false,
ALT-300213,SUPPLIER_RISK,LOW,,,SUP-069,Supplier Risk — review required (213),2026-07-16T08:37:46,true,2026-07-16T14:37:46.555489
ALT-300214,EXPIRY_WARNING,HIGH,SKU-00257,,,Expiry Warning — review required (214),2026-07-12T00:37:46,false,
ALT-300215,EXPIRY_WARNING,MEDIUM,SKU-00128,,,Expiry Warning — review required (215),2026-07-26T08:37:46,true,2026-07-27T18:37:46.555489
ALT-300216,SHIPMENT_DELAY,HIGH,,,,Shipment Delay — review required (216),2026-07-05T09:37:46,false,
ALT-300217,LOW_STOCK,CRITICAL,SKU-00368,LOC-015,,Low Stock — review required (217),2026-07-30T22:37:46,false,
ALT-300218,EXPIRY_WARNING,MEDIUM,SKU-00486,,,Expiry Warning — review required (218),2026-07-24T03:37:46,false,
ALT-300219,SUPPLIER_RISK,CRITICAL,,,SUP-162,Supplier Risk — review required (219),2026-07-28T08:37:46,false,
ALT-300220,EXPIRY_WARNING,CRITICAL,SKU-00235,,,Expiry Warning — review required (220),2026-07-02T05:37:46,false,
ALT-300221,EXPIRY_WARNING,CRITICAL,SKU-00332,,,Expiry Warning — review required (221),2026-07-09T21:37:46,false,
ALT-300222,LOW_STOCK,HIGH,SKU-00500,LOC-013,,Low Stock — review required (222),2026-07-15T22:37:46,false,
ALT-300223,CAPACITY_WARNING,LOW,,LOC-004,,Capacity Warning — review required (223),2026-07-13T09:37:46,false,
ALT-300224,CAPACITY_WARNING,MEDIUM,,LOC-004,,Capacity Warning — review required (224),2026-07-30T05:37:46,true,2026-08-01T04:37:46.555489
ALT-300225,SHIPMENT_DELAY,CRITICAL,,,,Shipment Delay — review required (225),2026-07-31T02:37:46,false,
ALT-300226,EXPIRY_WARNING,LOW,SKU-00432,,,Expiry Warning — review required (226),2026-07-21T13:37:46,true,2026-07-23T02:37:46.555489
ALT-300227,EXPIRY_WARNING,MEDIUM,SKU-00436,,,Expiry Warning — review required (227),2026-07-12T03:37:46,false,
ALT-300228,LOW_STOCK,MEDIUM,SKU-00313,LOC-012,,Low Stock — review required (228),2026-07-25T16:37:46,false,
ALT-300229,EXPIRY_WARNING,LOW,SKU-00479,,,Expiry Warning — review required (229),2026-07-05T13:37:46,true,2026-07-06T00:37:46.555489
ALT-300230,SHIPMENT_DELAY,LOW,,,,Shipment Delay — review required (230),2026-07-17T13:37:46,false,
ALT-300231,SHIPMENT_DELAY,MEDIUM,,,,Shipment Delay — review required (231),2026-07-16T07:37:46,true,2026-07-16T17:37:46.555489
ALT-300232,CAPACITY_WARNING,MEDIUM,,LOC-013,,Capacity Warning — review required (232),2026-07-19T12:37:46,true,2026-07-21T04:37:46.555489
ALT-300233,SUPPLIER_RISK,HIGH,,,SUP-121,Supplier Risk — review required (233),2026-07-06T12:37:46,true,2026-07-07T14:37:46.555489
ALT-300234,LOW_STOCK,CRITICAL,SKU-00361,LOC-011,,Low Stock — review required (234),2026-07-04T10:37:46,true,2026-07-05T04:37:46.555489
ALT-300235,SUPPLIER_RISK,MEDIUM,,,SUP-163,Supplier Risk — review required (235),2026-07-11T21:37:46,false,
ALT-300236,SHIPMENT_DELAY,CRITICAL,,,,Shipment Delay — review required (236),2026-07-31T14:37:46,true,2026-07-31T19:37:46.555489
ALT-300237,LOW_STOCK,MEDIUM,SKU-00233,LOC-006,,Low Stock — review required (237),2026-07-27T23:37:46,true,2026-07-28T11:37:46.555489
ALT-300238,AUDIT_DUE,CRITICAL,,,SUP-100,Audit Due — review required (238),2026-07-08T13:37:46,true,2026-07-10T07:37:46.555489
ALT-300239,SHIPMENT_DELAY,MEDIUM,,,,Shipment Delay — review required (239),2026-07-17T03:37:46,false,
ALT-300240,SUPPLIER_RISK,HIGH,,,SUP-166,Supplier Risk — review required (240),2026-07-07T02:37:46,true,2026-07-07T03:37:46.555489
ALT-300241,AUDIT_DUE,HIGH,,,SUP-182,Audit Due — review required (241),2026-07-07T15:37:46,false,
ALT-300242,AUDIT_DUE,LOW,,,SUP-031,Audit Due — review required (242),2026-07-09T12:37:46,false,
ALT-300243,EXPIRY_WARNING,HIGH,SKU-00324,,,Expiry Warning — review required (243),2026-07-13T12:37:46,false,
ALT-300244,EXPIRY_WARNING,LOW,SKU-00304,,,Expiry Warning — review required (244),2026-07-07T17:37:46,false,
ALT-300245,AUDIT_DUE,CRITICAL,,,SUP-014,Audit Due — review required (245),2026-07-23T10:37:46,false,
ALT-300246,CAPACITY_WARNING,LOW,,LOC-012,,Capacity Warning — review required (246),2026-07-27T08:37:46,false,
ALT-300247,EXPIRY_WARNING,CRITICAL,SKU-00200,,,Expiry Warning — review required (247),2026-07-04T18:37:46,true,2026-07-04T22:37:46.555489
ALT-300248,EXPIRY_WARNING,CRITICAL,SKU-00420,,,Expiry Warning — review required (248),2026-07-22T03:37:46,true,2026-07-23T04:37:46.555489
ALT-300249,LOW_STOCK,CRITICAL,SKU-00222,LOC-016,,Low Stock — review required (249),2026-07-19T13:37:46,true,2026-07-21T01:37:46.555489
ALT-300250,EXPIRY_WARNING,HIGH,SKU-00272,,,Expiry Warning — review required (250),2026-07-24T10:37:46,true,2026-07-25T11:37:46.555489
ALT-300251,EXPIRY_WARNING,LOW,SKU-00422,,,Expiry Warning — review required (251),2026-07-28T07:37:46,false,
ALT-300252,AUDIT_DUE,MEDIUM,,,SUP-064,Audit Due — review required (252),2026-07-23T15:37:46,true,2026-07-25T05:37:46.555489
ALT-300253,LOW_STOCK,HIGH,SKU-00124,LOC-009,,Low Stock — review required (253),2026-07-13T05:37:46,false,
ALT-300254,SHIPMENT_DELAY,HIGH,,,,Shipment Delay — review required (254),2026-07-05T04:37:46,true,2026-07-05T22:37:46.555489
ALT-300255,EXPIRY_WARNING,LOW,SKU-00439,,,Expiry Warning — review required (255),2026-07-06T02:37:46,true,2026-07-07T08:37:46.555489
ALT-300256,LOW_STOCK,HIGH,SKU-00353,LOC-019,,Low Stock — review required (256),2026-07-16T08:37:46,false,
ALT-300257,EXPIRY_WARNING,MEDIUM,SKU-00140,,,Expiry Warning — review required (257),2026-07-14T06:37:46,false,
ALT-300258,LOW_STOCK,CRITICAL,SKU-00382,LOC-002,,Low Stock — review required (258),2026-07-12T12:37:46,true,2026-07-12T18:37:46.555489
ALT-300259,CAPACITY_WARNING,HIGH,,LOC-006,,Capacity Warning — review required (259),2026-07-31T12:37:46,true,2026-08-01T10:37:46.555489
ALT-300260,SUPPLIER_RISK,MEDIUM,,,SUP-152,Supplier Risk — review required (260),2026-07-30T23:37:46,true,2026-08-01T16:37:46.555489
ALT-300261,LOW_STOCK,LOW,SKU-00329,LOC-008,,Low Stock — review required (261),2026-07-18T16:37:46,true,2026-07-20T15:37:46.555489
ALT-300262,SHIPMENT_DELAY,CRITICAL,,,,Shipment Delay — review required (262),2026-07-18T16:37:46,false,
ALT-300263,AUDIT_DUE,MEDIUM,,,SUP-070,Audit Due — review required (263),2026-07-09T15:37:46,true,2026-07-11T14:37:46.555489
ALT-300264,LOW_STOCK,MEDIUM,SKU-00090,LOC-006,,Low Stock — review required (264),2026-07-29T14:37:46,false,
ALT-300265,CAPACITY_WARNING,LOW,,LOC-007,,Capacity Warning — review required (265),2026-07-15T05:37:46,true,2026-07-16T08:37:46.555489
ALT-300266,SUPPLIER_RISK,LOW,,,SUP-078,Supplier Risk — review required (266),2026-07-15T14:37:46,true,2026-07-16T01:37:46.555489
ALT-300267,LOW_STOCK,LOW,SKU-00142,LOC-013,,Low Stock — review required (267),2026-07-03T17:37:46,false,
ALT-300268,EXPIRY_WARNING,LOW,SKU-00007,,,Expiry Warning — review required (268),2026-07-31T13:37:46,true,2026-08-02T08:37:46.555489
ALT-300269,SUPPLIER_RISK,LOW,,,SUP-074,Supplier Risk — review required (269),2026-07-02T23:37:46,true,2026-07-04T11:37:46.555489
ALT-300270,CAPACITY_WARNING,LOW,,LOC-006,,Capacity Warning — review required (270),2026-07-02T16:37:46,false,
ALT-300271,SHIPMENT_DELAY,LOW,,,,Shipment Delay — review required (271),2026-07-25T16:37:46,true,2026-07-26T02:37:46.555489
ALT-300272,LOW_STOCK,CRITICAL,SKU-00166,LOC-003,,Low Stock — review required (272),2026-07-03T10:37:46,true,2026-07-04T11:37:46.555489
ALT-300273,SUPPLIER_RISK,HIGH,,,SUP-121,Supplier Risk — review required (273),2026-07-27T07:37:46,false,
ALT-300274,LOW_STOCK,LOW,SKU-00047,LOC-016,,Low Stock — review required (274),2026-07-30T09:37:46,true,2026-07-31T21:37:46.555489
ALT-300275,AUDIT_DUE,MEDIUM,,,SUP-102,Audit Due — review required (275),2026-07-22T23:37:46,true,2026-07-23T17:37:46.555489
ALT-300276,SHIPMENT_DELAY,LOW,,,,Shipment Delay — review required (276),2026-07-22T03:37:46,false,
ALT-300277,AUDIT_DUE,HIGH,,,SUP-159,Audit Due — review required (277),2026-07-15T13:37:46,false,
ALT-300278,SHIPMENT_DELAY,CRITICAL,,,,Shipment Delay — review required (278),2026-07-22T09:37:46,true,2026-07-22T21:37:46.555489
ALT-300279,SHIPMENT_DELAY,MEDIUM,,,,Shipment Delay — review required (279),2026-07-19T07:37:46,false,
ALT-300280,SUPPLIER_RISK,HIGH,,,SUP-170,Supplier Risk — review required (280),2026-07-11T03:37:46,true,2026-07-11T22:37:46.555489
ALT-300281,AUDIT_DUE,CRITICAL,,,SUP-003,Audit Due — review required (281),2026-07-24T02:37:46,false,
ALT-300282,EXPIRY_WARNING,MEDIUM,SKU-00053,,,Expiry Warning — review required (282),2026-07-03T06:37:46,true,2026-07-03T11:37:46.555489
ALT-300283,SHIPMENT_DELAY,HIGH,,,,Shipment Delay — review required (283),2026-07-03T14:37:46,true,2026-07-04T23:37:46.555489
ALT-300284,EXPIRY_WARNING,CRITICAL,SKU-00316,,,Expiry Warning — review required (284),2026-07-03T21:37:46,true,2026-07-05T15:37:46.555489
ALT-300285,EXPIRY_WARNING,MEDIUM,SKU-00085,,,Expiry Warning — review required (285),2026-07-22T13:37:46,false,
ALT-300286,EXPIRY_WARNING,LOW,SKU-00479,,,Expiry Warning — review required (286),2026-07-17T19:37:46,true,2026-07-19T14:37:46.555489
ALT-300287,EXPIRY_WARNING,HIGH,SKU-00123,,,Expiry Warning — review required (287),2026-07-09T23:37:46,false,
ALT-300288,CAPACITY_WARNING,MEDIUM,,LOC-002,,Capacity Warning — review required (288),2026-07-24T14:37:46,false,
ALT-300289,CAPACITY_WARNING,HIGH,,LOC-011,,Capacity Warning — review required (289),2026-07-29T08:37:46,false,
ALT-300290,EXPIRY_WARNING,MEDIUM,SKU-00148,,,Expiry Warning — review required (290),2026-07-08T13:37:46,true,2026-07-09T00:37:46.555489
ALT-300291,CAPACITY_WARNING,LOW,,LOC-017,,Capacity Warning — review required (291),2026-07-05T19:37:46,true,2026-07-06T15:37:46.555489
ALT-300292,AUDIT_DUE,CRITICAL,,,SUP-061,Audit Due — review required (292),2026-07-09T17:37:46,false,
ALT-300293,AUDIT_DUE,MEDIUM,,,SUP-024,Audit Due — review required (293),2026-07-25T23:37:46,false,
ALT-300294,AUDIT_DUE,HIGH,,,SUP-037,Audit Due — review required (294),2026-07-08T10:37:46,false,
ALT-300295,AUDIT_DUE,CRITICAL,,,SUP-119,Audit Due — review required (295),2026-07-03T21:37:46,true,2026-07-05T02:37:46.555489
ALT-300296,CAPACITY_WARNING,HIGH,,LOC-003,,Capacity Warning — review required (296),2026-07-28T09:37:46,true,2026-07-28T11:37:46.555489
ALT-300297,AUDIT_DUE,MEDIUM,,,SUP-109,Audit Due — review required (297),2026-07-23T12:37:46,false,
ALT-300298,AUDIT_DUE,CRITICAL,,,SUP-123,Audit Due — review required (298),2026-07-18T19:37:46,true,2026-07-19T03:37:46.555489
ALT-300299,SUPPLIER_RISK,CRITICAL,,,SUP-025,Supplier Risk — review required (299),2026-07-20T11:37:46,false,
ALT-300300,SUPPLIER_RISK,MEDIUM,,,SUP-024,Supplier Risk — review required (300),2026-07-10T23:37:46,false,
ALT-300301,EXPIRY_WARNING,CRITICAL,SKU-00430,,,Expiry Warning — review required (301),2026-07-16T09:37:46,false,
ALT-300302,LOW_STOCK,LOW,SKU-00060,LOC-016,,Low Stock — review required (302),2026-07-09T14:37:46,false,
ALT-300303,SUPPLIER_RISK,CRITICAL,,,SUP-160,Supplier Risk — review required (303),2026-07-31T10:37:46,true,2026-07-31T13:37:46.555489
ALT-300304,EXPIRY_WARNING,MEDIUM,SKU-00488,,,Expiry Warning — review required (304),2026-07-06T12:37:46,true,2026-07-07T20:37:46.555489
ALT-300305,SHIPMENT_DELAY,HIGH,,,,Shipment Delay — review required (305),2026-07-31T06:37:46,false,
ALT-300306,EXPIRY_WARNING,CRITICAL,SKU-00400,,,Expiry Warning — review required (306),2026-07-21T16:37:46,true,2026-07-22T20:37:46.555489
ALT-300307,AUDIT_DUE,LOW,,,SUP-051,Audit Due — review required (307),2026-07-13T22:37:46,false,
ALT-300308,LOW_STOCK,LOW,SKU-00149,LOC-007,,Low Stock — review required (308),2026-07-25T19:37:46,false,
ALT-300309,CAPACITY_WARNING,CRITICAL,,LOC-007,,Capacity Warning — review required (309),2026-07-28T08:37:46,true,2026-07-28T22:37:46.555489
ALT-300310,CAPACITY_WARNING,MEDIUM,,LOC-003,,Capacity Warning — review required (310),2026-07-31T13:37:46,false,
ALT-300311,CAPACITY_WARNING,MEDIUM,,LOC-011,,Capacity Warning — review required (311),2026-07-20T07:37:46,false,
ALT-300312,EXPIRY_WARNING,CRITICAL,SKU-00301,,,Expiry Warning — review required (312),2026-07-03T06:37:46,false,
ALT-300313,EXPIRY_WARNING,HIGH,SKU-00449,,,Expiry Warning — review required (313),2026-07-03T03:37:46,false,
ALT-300314,CAPACITY_WARNING,MEDIUM,,LOC-012,,Capacity Warning — review required (314),2026-07-11T04:37:46,false,
ALT-300315,SHIPMENT_DELAY,HIGH,,,,Shipment Delay — review required (315),2026-07-17T09:37:46,false,
ALT-300316,SUPPLIER_RISK,LOW,,,SUP-058,Supplier Risk — review required (316),2026-07-31T09:37:46,false,
ALT-300317,SUPPLIER_RISK,LOW,,,SUP-132,Supplier Risk — review required (317),2026-07-09T15:37:46,false,
ALT-300318,AUDIT_DUE,MEDIUM,,,SUP-021,Audit Due — review required (318),2026-07-16T17:37:46,false,
ALT-300319,LOW_STOCK,HIGH,SKU-00110,LOC-009,,Low Stock — review required (319),2026-07-06T18:37:46,false,
ALT-300320,SHIPMENT_DELAY,MEDIUM,,,,Shipment Delay — review required (320),2026-07-09T02:37:46,false,
ALT-300321,CAPACITY_WARNING,LOW,,LOC-015,,Capacity Warning — review required (321),2026-07-02T00:37:46,true,2026-07-03T11:37:46.555489
ALT-300322,SHIPMENT_DELAY,MEDIUM,,,,Shipment Delay — review required (322),2026-07-27T14:37:46,false,
ALT-300323,LOW_STOCK,CRITICAL,SKU-00035,LOC-010,,Low Stock — review required (323),2026-07-02T02:37:46,false,
ALT-300324,SHIPMENT_DELAY,HIGH,,,,Shipment Delay — review required (324),2026-07-07T08:37:46,false,
ALT-300325,SUPPLIER_RISK,LOW,,,SUP-176,Supplier Risk — review required (325),2026-07-07T13:37:46,true,2026-07-08T14:37:46.555489
ALT-300326,CAPACITY_WARNING,MEDIUM,,LOC-019,,Capacity Warning — review required (326),2026-07-16T17:37:46,true,2026-07-18T06:37:46.555489
ALT-300327,LOW_STOCK,CRITICAL,SKU-00467,LOC-020,,Low Stock — review required (327),2026-07-17T13:37:46,false,
ALT-300328,AUDIT_DUE,CRITICAL,,,SUP-032,Audit Due — review required (328),2026-07-30T19:37:46,false,
ALT-300329,SHIPMENT_DELAY,LOW,,,,Shipment Delay — review required (329),2026-07-20T11:37:46,false,
ALT-300330,AUDIT_DUE,CRITICAL,,,SUP-191,Audit Due — review required (330),2026-07-31T08:37:46,false,
ALT-300331,LOW_STOCK,LOW,SKU-00257,LOC-018,,Low Stock — review required (331),2026-07-16T18:37:46,false,
ALT-300332,LOW_STOCK,MEDIUM,SKU-00045,LOC-002,,Low Stock — review required (332),2026-07-11T00:37:46,false,
ALT-300333,SUPPLIER_RISK,HIGH,,,SUP-006,Supplier Risk — review required (333),2026-07-16T19:37:46,false,
ALT-300334,AUDIT_DUE,MEDIUM,,,SUP-143,Audit Due — review required (334),2026-07-29T00:37:46,false,
ALT-300335,SHIPMENT_DELAY,HIGH,,,,Shipment Delay — review required (335),2026-07-22T20:37:46,false,
ALT-300336,SHIPMENT_DELAY,MEDIUM,,,,Shipment Delay — review required (336),2026-07-02T21:37:46,false,
ALT-300337,LOW_STOCK,LOW,SKU-00451,LOC-011,,Low Stock — review required (337),2026-07-11T18:37:46,true,2026-07-13T10:37:46.555489
ALT-300338,SHIPMENT_DELAY,LOW,,,,Shipment Delay — review required (338),2026-07-30T19:37:46,true,2026-08-01T01:37:46.555489
ALT-300339,SHIPMENT_DELAY,MEDIUM,,,,Shipment Delay — review required (339),2026-07-28T02:37:46,false,
ALT-300340,SUPPLIER_RISK,CRITICAL,,,SUP-157,Supplier Risk — review required (340),2026-07-17T13:37:46,true,2026-07-18T03:37:46.555489
ALT-300341,AUDIT_DUE,MEDIUM,,,SUP-128,Audit Due — review required (341),2026-07-29T13:37:46,true,2026-07-29T14:37:46.555489
ALT-300342,LOW_STOCK,HIGH,SKU-00493,LOC-017,,Low Stock — review required (342),2026-07-18T10:37:46,false,
ALT-300343,LOW_STOCK,HIGH,SKU-00179,LOC-013,,Low Stock — review required (343),2026-07-18T02:37:46,false,
ALT-300344,LOW_STOCK,CRITICAL,SKU-00212,LOC-013,,Low Stock — review required (344),2026-07-06T01:37:46,false,
ALT-300345,CAPACITY_WARNING,HIGH,,LOC-006,,Capacity Warning — review required (345),2026-07-02T21:37:46,false,
ALT-300346,LOW_STOCK,CRITICAL,SKU-00400,LOC-010,,Low Stock — review required (346),2026-07-03T07:37:46,false,
ALT-300347,SHIPMENT_DELAY,LOW,,,,Shipment Delay — review required (347),2026-07-07T14:37:46,false,
ALT-300348,SUPPLIER_RISK,LOW,,,SUP-139,Supplier Risk — review required (348),2026-07-18T02:37:46,false,
ALT-300349,LOW_STOCK,HIGH,SKU-00368,LOC-001,,Low Stock — review required (349),2026-07-17T00:37:46,false,
ALT-300350,LOW_STOCK,MEDIUM,SKU-00401,LOC-018,,Low Stock — review required (350),2026-07-17T13:37:46,false,
ALT-300351,LOW_STOCK,MEDIUM,SKU-00416,LOC-017,,Low Stock — review required (351),2026-07-27T21:37:46,false,
ALT-300352,EXPIRY_WARNING,CRITICAL,SKU-00024,,,Expiry Warning — review required (352),2026-07-23T22:37:46,false,
ALT-300353,CAPACITY_WARNING,LOW,,LOC-001,,Capacity Warning — review required (353),2026-07-13T23:37:46,false,
ALT-300354,AUDIT_DUE,MEDIUM,,,SUP-041,Audit Due — review required (354),2026-07-09T01:37:46,true,2026-07-09T21:37:46.555489
ALT-300355,CAPACITY_WARNING,HIGH,,LOC-020,,Capacity Warning — review required (355),2026-07-03T23:37:46,false,
ALT-300356,EXPIRY_WARNING,LOW,SKU-00199,,,Expiry Warning — review required (356),2026-07-19T16:37:46,true,2026-07-21T14:37:46.555489
ALT-300357,SUPPLIER_RISK,HIGH,,,SUP-088,Supplier Risk — review required (357),2026-07-23T03:37:46,false,
ALT-300358,LOW_STOCK,HIGH,SKU-00479,LOC-019,,Low Stock — review required (358),2026-07-19T12:37:46,false,
ALT-300359,SUPPLIER_RISK,CRITICAL,,,SUP-120,Supplier Risk — review required (359),2026-07-28T13:37:46,false,
ALT-300360,EXPIRY_WARNING,MEDIUM,SKU-00328,,,Expiry Warning — review required (360),2026-07-24T06:37:46,false,
ALT-300361,SUPPLIER_RISK,CRITICAL,,,SUP-143,Supplier Risk — review required (361),2026-07-31T09:37:46,false,
ALT-300362,SUPPLIER_RISK,HIGH,,,SUP-076,Supplier Risk — review required (362),2026-07-23T17:37:46,true,2026-07-25T02:37:46.555489
ALT-300363,EXPIRY_WARNING,CRITICAL,SKU-00149,,,Expiry Warning — review required (363),2026-07-03T11:37:46,true,2026-07-04T04:37:46.555489
ALT-300364,CAPACITY_WARNING,CRITICAL,,LOC-005,,Capacity Warning — review required (364),2026-07-26T07:37:46,true,2026-07-27T01:37:46.555489
ALT-300365,SUPPLIER_RISK,MEDIUM,,,SUP-122,Supplier Risk — review required (365),2026-07-03T16:37:46,false,
ALT-300366,SUPPLIER_RISK,CRITICAL,,,SUP-168,Supplier Risk — review required (366),2026-07-25T09:37:46,false,
ALT-300367,LOW_STOCK,MEDIUM,SKU-00113,LOC-004,,Low Stock — review required (367),2026-07-15T17:37:46,false,
ALT-300368,EXPIRY_WARNING,MEDIUM,SKU-00333,,,Expiry Warning — review required (368),2026-07-13T18:37:46,false,
ALT-300369,LOW_STOCK,MEDIUM,SKU-00260,LOC-010,,Low Stock — review required (369),2026-07-04T03:37:46,false,
ALT-300370,CAPACITY_WARNING,LOW,,LOC-005,,Capacity Warning — review required (370),2026-07-23T20:37:46,true,2026-07-25T07:37:46.555489
ALT-300371,SUPPLIER_RISK,LOW,,,SUP-043,Supplier Risk — review required (371),2026-07-13T14:37:46,false,
ALT-300372,LOW_STOCK,HIGH,SKU-00102,LOC-008,,Low Stock — review required (372),2026-07-17T05:37:46,true,2026-07-18T23:37:46.555489
ALT-300373,SHIPMENT_DELAY,CRITICAL,,,,Shipment Delay — review required (373),2026-07-17T22:37:46,true,2026-07-19T16:37:46.555489
ALT-300374,SUPPLIER_RISK,MEDIUM,,,SUP-122,Supplier Risk — review required (374),2026-07-16T15:37:46,false,
ALT-300375,EXPIRY_WARNING,LOW,SKU-00078,,,Expiry Warning — review required (375),2026-07-05T06:37:46,false,
ALT-300376,CAPACITY_WARNING,CRITICAL,,LOC-012,,Capacity Warning — review required (376),2026-07-16T23:37:46,true,2026-07-17T06:37:46.555489
ALT-300377,LOW_STOCK,CRITICAL,SKU-00149,LOC-011,,Low Stock — review required (377),2026-07-21T02:37:46,false,
ALT-300378,LOW_STOCK,CRITICAL,SKU-00045,LOC-007,,Low Stock — review required (378),2026-07-11T04:37:46,false,
ALT-300379,LOW_STOCK,HIGH,SKU-00431,LOC-009,,Low Stock — review required (379),2026-07-03T19:37:46,true,2026-07-04T23:37:46.555489
ALT-300380,AUDIT_DUE,HIGH,,,SUP-102,Audit Due — review required (380),2026-07-19T11:37:46,false,
ALT-300381,AUDIT_DUE,CRITICAL,,,SUP-153,Audit Due — review required (381),2026-07-11T21:37:46,true,2026-07-11T23:37:46.555489
ALT-300382,SHIPMENT_DELAY,MEDIUM,,,,Shipment Delay — review required (382),2026-07-27T23:37:46,false,
ALT-300383,SUPPLIER_RISK,LOW,,,SUP-134,Supplier Risk — review required (383),2026-07-22T10:37:46,true,2026-07-23T14:37:46.555489
ALT-300384,SUPPLIER_RISK,CRITICAL,,,SUP-125,Supplier Risk — review required (384),2026-07-24T15:37:46,true,2026-07-26T09:37:46.555489
ALT-300385,LOW_STOCK,HIGH,SKU-00300,LOC-017,,Low Stock — review required (385),2026-07-13T19:37:46,false,
ALT-300386,LOW_STOCK,LOW,SKU-00055,LOC-010,,Low Stock — review required (386),2026-07-19T04:37:46,false,
ALT-300387,AUDIT_DUE,LOW,,,SUP-025,Audit Due — review required (387),2026-07-15T08:37:46,false,
ALT-300388,SUPPLIER_RISK,HIGH,,,SUP-102,Supplier Risk — review required (388),2026-07-27T04:37:46,true,2026-07-27T20:37:46.555489
ALT-300389,CAPACITY_WARNING,HIGH,,LOC-013,,Capacity Warning — review required (389),2026-07-23T07:37:46,false,
ALT-300390,SUPPLIER_RISK,MEDIUM,,,SUP-052,Supplier Risk — review required (390),2026-07-21T08:37:46,true,2026-07-21T21:37:46.555489
ALT-300391,CAPACITY_WARNING,HIGH,,LOC-007,,Capacity Warning — review required (391),2026-07-26T07:37:46,false,
ALT-300392,SHIPMENT_DELAY,MEDIUM,,,,Shipment Delay — review required (392),2026-07-20T15:37:46,false,
ALT-300393,EXPIRY_WARNING,LOW,SKU-00497,,,Expiry Warning — review required (393),2026-07-12T22:37:46,false,
ALT-300394,CAPACITY_WARNING,CRITICAL,,LOC-011,,Capacity Warning — review required (394),2026-07-10T18:37:46,false,
ALT-300395,CAPACITY_WARNING,CRITICAL,,LOC-004,,Capacity Warning — review required (395),2026-07-01T23:37:46,true,2026-07-03T06:37:46.555489
ALT-300396,CAPACITY_WARNING,MEDIUM,,LOC-017,,Capacity Warning — review required (396),2026-07-07T16:37:46,false,
ALT-300397,CAPACITY_WARNING,HIGH,,LOC-011,,Capacity Warning — review required (397),2026-07-03T23:37:46,true,2026-07-04T20:37:46.555489
ALT-300398,SHIPMENT_DELAY,CRITICAL,,,,Shipment Delay — review required (398),2026-07-21T04:37:46,true,2026-07-23T04:37:46.555489
ALT-300399,CAPACITY_WARNING,CRITICAL,,LOC-005,,Capacity Warning — review required (399),2026-07-03T13:37:46,false,
ALT-300400,AUDIT_DUE,CRITICAL,,,SUP-033,Audit Due — review required (400),2026-07-19T16:37:46,false,
ALT-300401,LOW_STOCK,HIGH,SKU-00341,LOC-020,,Low Stock — review required (401),2026-07-21T17:37:46,false,
ALT-300402,SHIPMENT_DELAY,HIGH,,,,Shipment Delay — review required (402),2026-07-10T09:37:46,false,
ALT-300403,AUDIT_DUE,CRITICAL,,,SUP-027,Audit Due — review required (403),2026-07-17T01:37:46,true,2026-07-17T07:37:46.555489
ALT-300404,AUDIT_DUE,LOW,,,SUP-038,Audit Due — review required (404),2026-07-05T12:37:46,false,
ALT-300405,LOW_STOCK,LOW,SKU-00190,LOC-020,,Low Stock — review required (405),2026-07-07T01:37:46,false,
ALT-300406,CAPACITY_WARNING,LOW,,LOC-019,,Capacity Warning — review required (406),2026-07-12T22:37:46,true,2026-07-13T11:37:46.555489
ALT-300407,SHIPMENT_DELAY,CRITICAL,,,,Shipment Delay — review required (407),2026-07-12T01:37:46,false,
ALT-300408,CAPACITY_WARNING,MEDIUM,,LOC-016,,Capacity Warning — review required (408),2026-07-24T04:37:46,false,
ALT-300409,SUPPLIER_RISK,LOW,,,SUP-129,Supplier Risk — review required (409),2026-07-28T22:37:46,true,2026-07-30T09:37:46.555489
ALT-300410,CAPACITY_WARNING,CRITICAL,,LOC-019,,Capacity Warning — review required (410),2026-07-30T12:37:46,false,
ALT-300411,AUDIT_DUE,HIGH,,,SUP-002,Audit Due — review required (411),2026-07-28T09:37:46,false,
ALT-300412,LOW_STOCK,MEDIUM,SKU-00379,LOC-003,,Low Stock — review required (412),2026-07-05T16:37:46,false,
ALT-300413,LOW_STOCK,LOW,SKU-00269,LOC-004,,Low Stock — review required (413),2026-07-07T14:37:46,false,
ALT-300414,AUDIT_DUE,CRITICAL,,,SUP-027,Audit Due — review required (414),2026-07-16T10:37:46,true,2026-07-17T02:37:46.555489
ALT-300415,EXPIRY_WARNING,CRITICAL,SKU-00121,,,Expiry Warning — review required (415),2026-07-02T00:37:46,true,2026-07-02T20:37:46.555489
ALT-300416,CAPACITY_WARNING,LOW,,LOC-014,,Capacity Warning — review required (416),2026-07-11T16:37:46,false,
ALT-300417,SUPPLIER_RISK,HIGH,,,SUP-134,Supplier Risk — review required (417),2026-07-30T21:37:46,true,2026-08-01T05:37:46.555489
ALT-300418,SUPPLIER_RISK,LOW,,,SUP-177,Supplier Risk — review required (418),2026-07-10T23:37:46,false,
ALT-300419,SUPPLIER_RISK,CRITICAL,,,SUP-021,Supplier Risk — review required (419),2026-07-29T07:37:46,true,2026-07-30T12:37:46.555489
ALT-300420,CAPACITY_WARNING,LOW,,LOC-013,,Capacity Warning — review required (420),2026-07-02T07:37:46,false,
ALT-300421,EXPIRY_WARNING,HIGH,SKU-00439,,,Expiry Warning — review required (421),2026-07-09T23:37:46,true,2026-07-11T19:37:46.555489
ALT-300422,LOW_STOCK,HIGH,SKU-00192,LOC-002,,Low Stock — review required (422),2026-07-26T19:37:46,false,
ALT-300423,AUDIT_DUE,LOW,,,SUP-087,Audit Due — review required (423),2026-07-31T03:37:46,true,2026-08-01T11:37:46.555489
ALT-300424,EXPIRY_WARNING,HIGH,SKU-00031,,,Expiry Warning — review required (424),2026-07-25T17:37:46,false,
ALT-300425,EXPIRY_WARNING,MEDIUM,SKU-00046,,,Expiry Warning — review required (425),2026-07-13T15:37:46,false,
ALT-300426,SHIPMENT_DELAY,HIGH,,,,Shipment Delay — review required (426),2026-07-15T23:37:46,false,
ALT-300427,SHIPMENT_DELAY,LOW,,,,Shipment Delay — review required (427),2026-07-01T22:37:46,false,
ALT-300428,SUPPLIER_RISK,MEDIUM,,,SUP-049,Supplier Risk — review required (428),2026-07-24T20:37:46,true,2026-07-24T22:37:46.555489
ALT-300429,LOW_STOCK,HIGH,SKU-00365,LOC-015,,Low Stock — review required (429),2026-07-29T16:37:46,false,
ALT-300430,CAPACITY_WARNING,LOW,,LOC-015,,Capacity Warning — review required (430),2026-07-04T15:37:46,false,
ALT-300431,AUDIT_DUE,LOW,,,SUP-029,Audit Due — review required (431),2026-07-15T11:37:46,true,2026-07-15T20:37:46.555489
ALT-300432,SHIPMENT_DELAY,CRITICAL,,,,Shipment Delay — review required (432),2026-07-30T04:37:46,false,
ALT-300433,CAPACITY_WARNING,CRITICAL,,LOC-020,,Capacity Warning — review required (433),2026-07-04T09:37:46,true,2026-07-04T15:37:46.555489
ALT-300434,LOW_STOCK,HIGH,SKU-00155,LOC-001,,Low Stock — review required (434),2026-07-25T12:37:46,false,
ALT-300435,EXPIRY_WARNING,LOW,SKU-00121,,,Expiry Warning — review required (435),2026-07-03T05:37:46,true,2026-07-03T16:37:46.555489
ALT-300436,CAPACITY_WARNING,MEDIUM,,LOC-008,,Capacity Warning — review required (436),2026-07-14T21:37:46,false,
ALT-300437,CAPACITY_WARNING,HIGH,,LOC-007,,Capacity Warning — review required (437),2026-07-26T12:37:46,true,2026-07-27T17:37:46.555489
ALT-300438,LOW_STOCK,HIGH,SKU-00237,LOC-010,,Low Stock — review required (438),2026-07-25T08:37:46,true,2026-07-27T06:37:46.555489
ALT-300439,SUPPLIER_RISK,LOW,,,SUP-011,Supplier Risk — review required (439),2026-07-09T06:37:46,false,
ALT-300440,SHIPMENT_DELAY,MEDIUM,,,,Shipment Delay — review required (440),2026-07-20T13:37:46,false,
ALT-300441,SUPPLIER_RISK,HIGH,,,SUP-089,Supplier Risk — review required (441),2026-07-24T18:37:46,false,
ALT-300442,LOW_STOCK,CRITICAL,SKU-00112,LOC-002,,Low Stock — review required (442),2026-07-12T14:37:46,true,2026-07-13T01:37:46.555489
ALT-300443,EXPIRY_WARNING,HIGH,SKU-00467,,,Expiry Warning — review required (443),2026-07-14T00:37:46,false,
ALT-300444,EXPIRY_WARNING,MEDIUM,SKU-00378,,,Expiry Warning — review required (444),2026-07-03T22:37:46,true,2026-07-05T21:37:46.555489
ALT-300445,LOW_STOCK,MEDIUM,SKU-00443,LOC-004,,Low Stock — review required (445),2026-07-28T10:37:46,false,
ALT-300446,CAPACITY_WARNING,CRITICAL,,LOC-001,,Capacity Warning — review required (446),2026-07-09T14:37:46,false,
ALT-300447,CAPACITY_WARNING,CRITICAL,,LOC-006,,Capacity Warning — review required (447),2026-07-31T05:37:46,false,
ALT-300448,EXPIRY_WARNING,CRITICAL,SKU-00107,,,Expiry Warning — review required (448),2026-07-30T07:37:46,true,2026-07-30T11:37:46.555489
ALT-300449,AUDIT_DUE,MEDIUM,,,SUP-196,Audit Due — review required (449),2026-07-09T23:37:46,false,
ALT-300450,CAPACITY_WARNING,MEDIUM,,LOC-019,,Capacity Warning — review required (450),2026-07-31T08:37:46,false,
ALT-300451,SHIPMENT_DELAY,CRITICAL,,,,Shipment Delay — review required (451),2026-07-08T14:37:46,true,2026-07-08T23:37:46.555489
ALT-300452,SUPPLIER_RISK,CRITICAL,,,SUP-062,Supplier Risk — review required (452),2026-07-14T09:37:46,true,2026-07-15T12:37:46.555489
ALT-300453,CAPACITY_WARNING,MEDIUM,,LOC-019,,Capacity Warning — review required (453),2026-07-27T12:37:46,false,
ALT-300454,LOW_STOCK,CRITICAL,SKU-00120,LOC-010,,Low Stock — review required (454),2026-07-31T06:37:46,true,2026-08-02T00:37:46.555489
ALT-300455,AUDIT_DUE,LOW,,,SUP-139,Audit Due — review required (455),2026-07-17T12:37:46,true,2026-07-18T21:37:46.555489
ALT-300456,CAPACITY_WARNING,LOW,,LOC-014,,Capacity Warning — review required (456),2026-07-23T01:37:46,true,2026-07-24T08:37:46.555489
ALT-300457,LOW_STOCK,CRITICAL,SKU-00129,LOC-011,,Low Stock — review required (457),2026-07-14T00:37:46,false,
ALT-300458,LOW_STOCK,CRITICAL,SKU-00182,LOC-001,,Low Stock — review required (458),2026-07-29T08:37:46,true,2026-07-30T06:37:46.555489
ALT-300459,SHIPMENT_DELAY,HIGH,,,,Shipment Delay — review required (459),2026-07-14T06:37:46,true,2026-07-15T19:37:46.555489
ALT-300460,SHIPMENT_DELAY,MEDIUM,,,,Shipment Delay — review required (460),2026-07-08T08:37:46,true,2026-07-10T03:37:46.555489
ALT-300461,SUPPLIER_RISK,HIGH,,,SUP-077,Supplier Risk — review required (461),2026-07-23T23:37:46,true,2026-07-24T10:37:46.555489
ALT-300462,LOW_STOCK,LOW,SKU-00265,LOC-012,,Low Stock — review required (462),2026-07-17T15:37:46,false,
ALT-300463,LOW_STOCK,CRITICAL,SKU-00038,LOC-019,,Low Stock — review required (463),2026-07-02T18:37:46,true,2026-07-04T11:37:46.555489
ALT-300464,AUDIT_DUE,MEDIUM,,,SUP-076,Audit Due — review required (464),2026-07-05T20:37:46,false,
ALT-300465,CAPACITY_WARNING,CRITICAL,,LOC-001,,Capacity Warning — review required (465),2026-07-21T07:37:46,true,2026-07-21T13:37:46.555489
ALT-300466,SHIPMENT_DELAY,HIGH,,,,Shipment Delay — review required (466),2026-07-19T04:37:46,true,2026-07-20T15:37:46.555489
ALT-300467,SHIPMENT_DELAY,HIGH,,,,Shipment Delay — review required (467),2026-07-15T07:37:46,true,2026-07-17T05:37:46.555489
ALT-300468,CAPACITY_WARNING,CRITICAL,,LOC-005,,Capacity Warning — review required (468),2026-07-14T05:37:46,false,
ALT-300469,LOW_STOCK,HIGH,SKU-00464,LOC-013,,Low Stock — review required (469),2026-07-25T15:37:46,true,2026-07-26T09:37:46.555489
ALT-300470,EXPIRY_WARNING,LOW,SKU-00192,,,Expiry Warning — review required (470),2026-07-21T21:37:46,true,2026-07-23T18:37:46.555489
ALT-300471,SHIPMENT_DELAY,MEDIUM,,,,Shipment Delay — review required (471),2026-07-08T03:37:46,true,2026-07-08T05:37:46.555489
ALT-300472,AUDIT_DUE,HIGH,,,SUP-092,Audit Due — review required (472),2026-07-28T04:37:46,false,
ALT-300473,SHIPMENT_DELAY,HIGH,,,,Shipment Delay — review required (473),2026-07-02T09:37:46,false,
ALT-300474,SUPPLIER_RISK,MEDIUM,,,SUP-175,Supplier Risk — review required (474),2026-07-10T21:37:46,true,2026-07-11T11:37:46.555489
ALT-300475,SHIPMENT_DELAY,MEDIUM,,,,Shipment Delay — review required (475),2026-07-24T01:37:46,false,
ALT-300476,AUDIT_DUE,CRITICAL,,,SUP-039,Audit Due — review required (476),2026-07-11T16:37:46,false,
ALT-300477,SHIPMENT_DELAY,CRITICAL,,,,Shipment Delay — review required (477),2026-07-31T02:37:46,false,
ALT-300478,AUDIT_DUE,MEDIUM,,,SUP-009,Audit Due — review required (478),2026-07-30T01:37:46,false,
ALT-300479,LOW_STOCK,LOW,SKU-00181,LOC-009,,Low Stock — review required (479),2026-07-20T01:37:46,false,
ALT-300480,EXPIRY_WARNING,LOW,SKU-00494,,,Expiry Warning — review required (480),2026-07-04T22:37:46,false,
ALT-300481,CAPACITY_WARNING,HIGH,,LOC-005,,Capacity Warning — review required (481),2026-07-31T15:37:46,true,2026-08-02T14:37:46.555489
ALT-300482,EXPIRY_WARNING,CRITICAL,SKU-90005,,,Expiry Warning — review required (482),2026-07-18T10:37:46,false,
ALT-300483,EXPIRY_WARNING,CRITICAL,SKU-00429,,,Expiry Warning — review required (483),2026-07-25T09:37:46,false,
ALT-300484,EXPIRY_WARNING,MEDIUM,SKU-00286,,,Expiry Warning — review required (484),2026-07-28T01:37:46,false,
ALT-300485,SHIPMENT_DELAY,CRITICAL,,,,Shipment Delay — review required (485),2026-07-01T22:37:46,false,
ALT-300486,EXPIRY_WARNING,CRITICAL,SKU-00361,,,Expiry Warning — review required (486),2026-07-31T09:37:46,true,2026-08-02T01:37:46.555489
ALT-300487,LOW_STOCK,LOW,SKU-00372,LOC-006,,Low Stock — review required (487),2026-07-28T06:37:46,false,
ALT-300488,CAPACITY_WARNING,HIGH,,LOC-006,,Capacity Warning — review required (488),2026-07-23T09:37:46,false,
ALT-300489,CAPACITY_WARNING,LOW,,LOC-016,,Capacity Warning — review required (489),2026-07-10T14:37:46,true,2026-07-11T16:37:46.555489
ALT-300490,EXPIRY_WARNING,LOW,SKU-00178,,,Expiry Warning — review required (490),2026-07-13T11:37:46,true,2026-07-15T10:37:46.555489
ALT-300491,CAPACITY_WARNING,CRITICAL,,LOC-013,,Capacity Warning — review required (491),2026-07-20T17:37:46,false,
ALT-300492,SHIPMENT_DELAY,LOW,,,,Shipment Delay — review required (492),2026-07-22T07:37:46,true,2026-07-23T01:37:46.555489
ALT-300493,AUDIT_DUE,HIGH,,,SUP-007,Audit Due — review required (493),2026-07-22T16:37:46,true,2026-07-23T04:37:46.555489
ALT-300494,SHIPMENT_DELAY,MEDIUM,,,,Shipment Delay — review required (494),2026-07-08T04:37:46,true,2026-07-10T04:37:46.555489
ALT-300495,AUDIT_DUE,LOW,,,SUP-092,Audit Due — review required (495),2026-07-26T15:37:46,true,2026-07-28T11:37:46.555489
ALT-300496,SUPPLIER_RISK,HIGH,,,SUP-073,Supplier Risk — review required (496),2026-07-05T11:37:46,false,
ALT-300497,AUDIT_DUE,HIGH,,,SUP-134,Audit Due — review required (497),2026-07-21T20:37:46,true,2026-07-23T08:37:46.555489
ALT-300498,EXPIRY_WARNING,LOW,SKU-00496,,,Expiry Warning — review required (498),2026-07-31T02:37:46,false,
ALT-300499,LOW_STOCK,CRITICAL,SKU-00060,LOC-016,,Low Stock — review required (499),2026-07-17T05:37:46,false,
ALT-300500,EXPIRY_WARNING,CRITICAL,SKU-00246,,,Expiry Warning — review required (500),2026-07-31T11:37:46,true,2026-07-31T18:37:46.555489
ALT-300501,LOW_STOCK,MEDIUM,SKU-00408,LOC-012,,Low Stock — review required (501),2026-07-27T16:37:46,false,
ALT-300502,SUPPLIER_RISK,LOW,,,SUP-035,Supplier Risk — review required (502),2026-07-27T01:37:46,false,
ALT-300503,EXPIRY_WARNING,HIGH,SKU-00181,,,Expiry Warning — review required (503),2026-07-08T19:37:46,false,
ALT-300504,SUPPLIER_RISK,CRITICAL,,,SUP-186,Supplier Risk — review required (504),2026-07-21T14:37:46,true,2026-07-23T01:37:46.555489
ALT-300505,CAPACITY_WARNING,HIGH,,LOC-016,,Capacity Warning — review required (505),2026-07-19T07:37:46,false,
ALT-300506,EXPIRY_WARNING,MEDIUM,SKU-00091,,,Expiry Warning — review required (506),2026-07-14T01:37:46,false,
ALT-300507,LOW_STOCK,MEDIUM,SKU-00011,LOC-001,,Low Stock — review required (507),2026-07-24T06:37:46,false,
ALT-300508,SUPPLIER_RISK,HIGH,,,SUP-133,Supplier Risk — review required (508),2026-07-15T06:37:46,true,2026-07-16T16:37:46.555489
ALT-300509,LOW_STOCK,LOW,SKU-00315,LOC-003,,Low Stock — review required (509),2026-07-12T02:37:46,false,
ALT-300510,AUDIT_DUE,MEDIUM,,,SUP-190,Audit Due — review required (510),2026-07-09T20:37:46,false,
ALT-300511,CAPACITY_WARNING,HIGH,,LOC-005,,Capacity Warning — review required (511),2026-07-27T23:37:46,false,
ALT-300512,LOW_STOCK,MEDIUM,SKU-00190,LOC-002,,Low Stock — review required (512),2026-07-06T16:37:46,false,
ALT-300513,EXPIRY_WARNING,LOW,SKU-00004,,,Expiry Warning — review required (513),2026-07-09T22:37:46,false,
ALT-300514,LOW_STOCK,MEDIUM,SKU-00181,LOC-020,,Low Stock — review required (514),2026-07-12T21:37:46,false,
ALT-300515,AUDIT_DUE,CRITICAL,,,SUP-018,Audit Due — review required (515),2026-07-19T18:37:46,true,2026-07-20T18:37:46.555489
ALT-300516,SUPPLIER_RISK,CRITICAL,,,SUP-169,Supplier Risk — review required (516),2026-07-17T06:37:46,false,
ALT-300517,SHIPMENT_DELAY,LOW,,,,Shipment Delay — review required (517),2026-07-06T13:37:46,false,
ALT-300518,EXPIRY_WARNING,MEDIUM,SKU-00376,,,Expiry Warning — review required (518),2026-07-10T11:37:46,true,2026-07-11T11:37:46.555489
ALT-300519,LOW_STOCK,LOW,SKU-00281,LOC-018,,Low Stock — review required (519),2026-07-27T10:37:46,false,
ALT-300520,SUPPLIER_RISK,MEDIUM,,,SUP-004,Supplier Risk — review required (520),2026-07-26T00:37:46,false,
ALT-300521,CAPACITY_WARNING,CRITICAL,,LOC-009,,Capacity Warning — review required (521),2026-07-29T19:37:46,false,
ALT-300522,AUDIT_DUE,CRITICAL,,,SUP-162,Audit Due — review required (522),2026-07-16T17:37:46,false,
ALT-300523,SUPPLIER_RISK,MEDIUM,,,SUP-087,Supplier Risk — review required (523),2026-07-05T21:37:46,true,2026-07-07T15:37:46.555489
ALT-300524,SUPPLIER_RISK,CRITICAL,,,SUP-137,Supplier Risk — review required (524),2026-07-24T11:37:46,true,2026-07-25T20:37:46.555489
ALT-300525,LOW_STOCK,LOW,SKU-00492,LOC-009,,Low Stock — review required (525),2026-07-05T19:37:46,false,
ALT-300526,AUDIT_DUE,MEDIUM,,,SUP-171,Audit Due — review required (526),2026-07-14T07:37:46,false,
ALT-300527,EXPIRY_WARNING,MEDIUM,SKU-00029,,,Expiry Warning — review required (527),2026-07-05T05:37:46,false,
ALT-300528,CAPACITY_WARNING,CRITICAL,,LOC-012,,Capacity Warning — review required (528),2026-07-30T16:37:46,false,
ALT-300529,SUPPLIER_RISK,MEDIUM,,,SUP-094,Supplier Risk — review required (529),2026-07-04T18:37:46,true,2026-07-06T00:37:46.555489
ALT-300530,CAPACITY_WARNING,LOW,,LOC-004,,Capacity Warning — review required (530),2026-07-09T22:37:46,true,2026-07-10T00:37:46.555489
ALT-300531,SUPPLIER_RISK,LOW,,,SUP-011,Supplier Risk — review required (531),2026-07-20T16:37:46,false,
ALT-300532,LOW_STOCK,MEDIUM,SKU-00051,LOC-018,,Low Stock — review required (532),2026-07-30T17:37:46,false,
ALT-300533,EXPIRY_WARNING,CRITICAL,SKU-00164,,,Expiry Warning — review required (533),2026-07-21T15:37:46,false,
ALT-300534,SUPPLIER_RISK,LOW,,,SUP-142,Supplier Risk — review required (534),2026-07-13T00:37:46,false,
ALT-300535,CAPACITY_WARNING,MEDIUM,,LOC-004,,Capacity Warning — review required (535),2026-07-18T06:37:46,true,2026-07-20T03:37:46.555489
ALT-300536,EXPIRY_WARNING,CRITICAL,SKU-00128,,,Expiry Warning — review required (536),2026-07-04T15:37:46,false,
ALT-300537,LOW_STOCK,CRITICAL,SKU-00478,LOC-017,,Low Stock — review required (537),2026-07-25T04:37:46,false,
ALT-300538,AUDIT_DUE,HIGH,,,SUP-176,Audit Due — review required (538),2026-07-15T01:37:46,false,
ALT-300539,EXPIRY_WARNING,CRITICAL,SKU-00211,,,Expiry Warning — review required (539),2026-07-18T10:37:46,false,
ALT-300540,AUDIT_DUE,LOW,,,SUP-083,Audit Due — review required (540),2026-07-06T13:37:46,true,2026-07-07T20:37:46.555489
ALT-300541,EXPIRY_WARNING,MEDIUM,SKU-00473,,,Expiry Warning — review required (541),2026-07-31T01:37:46,true,2026-07-31T03:37:46.555489
ALT-300542,SHIPMENT_DELAY,LOW,,,,Shipment Delay — review required (542),2026-07-16T12:37:46,false,
ALT-300543,AUDIT_DUE,MEDIUM,,,SUP-126,Audit Due — review required (543),2026-07-14T06:37:46,false,
ALT-300544,CAPACITY_WARNING,LOW,,LOC-014,,Capacity Warning — review required (544),2026-07-23T22:37:46,false,
ALT-300545,AUDIT_DUE,LOW,,,SUP-075,Audit Due — review required (545),2026-07-25T17:37:46,false,
ALT-300546,LOW_STOCK,MEDIUM,SKU-00185,LOC-011,,Low Stock — review required (546),2026-07-28T08:37:46,false,
ALT-300547,SHIPMENT_DELAY,CRITICAL,,,,Shipment Delay — review required (547),2026-07-17T11:37:46,false,
ALT-300548,CAPACITY_WARNING,CRITICAL,,LOC-002,,Capacity Warning — review required (548),2026-07-29T10:37:46,false,
ALT-300549,AUDIT_DUE,CRITICAL,,,SUP-105,Audit Due — review required (549),2026-07-15T02:37:46,true,2026-07-15T13:37:46.555489
ALT-300550,LOW_STOCK,CRITICAL,SKU-00406,LOC-011,,Low Stock — review required (550),2026-07-20T01:37:46,true,2026-07-21T17:37:46.555489
ALT-300551,EXPIRY_WARNING,HIGH,SKU-00011,,,Expiry Warning — review required (551),2026-07-07T19:37:46,true,2026-07-08T13:37:46.555489
ALT-300552,LOW_STOCK,LOW,SKU-00482,LOC-016,,Low Stock — review required (552),2026-07-01T17:37:46,false,
ALT-300553,LOW_STOCK,MEDIUM,SKU-00449,LOC-017,,Low Stock — review required (553),2026-07-25T22:37:46,false,
ALT-300554,SHIPMENT_DELAY,LOW,,,,Shipment Delay — review required (554),2026-07-27T00:37:46,false,
ALT-300555,SHIPMENT_DELAY,LOW,,,,Shipment Delay — review required (555),2026-07-07T09:37:46,false,
ALT-300556,EXPIRY_WARNING,CRITICAL,SKU-00046,,,Expiry Warning — review required (556),2026-07-05T09:37:46,false,
ALT-300557,SHIPMENT_DELAY,CRITICAL,,,,Shipment Delay — review required (557),2026-07-10T05:37:46,false,
ALT-300558,CAPACITY_WARNING,MEDIUM,,LOC-020,,Capacity Warning — review required (558),2026-07-31T00:37:46,false,
ALT-300559,CAPACITY_WARNING,MEDIUM,,LOC-020,,Capacity Warning — review required (559),2026-07-09T00:37:46,false,
ALT-300560,SHIPMENT_DELAY,LOW,,,,Shipment Delay — review required (560),2026-07-14T20:37:46,false,
ALT-300561,SUPPLIER_RISK,CRITICAL,,,SUP-031,Supplier Risk — review required (561),2026-07-16T12:37:46,false,
ALT-300562,CAPACITY_WARNING,CRITICAL,,LOC-015,,Capacity Warning — review required (562),2026-07-15T07:37:46,false,
ALT-300563,EXPIRY_WARNING,CRITICAL,SKU-00455,,,Expiry Warning — review required (563),2026-07-29T10:37:46,false,
ALT-300564,EXPIRY_WARNING,CRITICAL,SKU-00407,,,Expiry Warning — review required (564),2026-07-14T07:37:46,true,2026-07-16T00:37:46.555489
ALT-300565,AUDIT_DUE,MEDIUM,,,SUP-078,Audit Due — review required (565),2026-07-20T08:37:46,false,
ALT-300566,SHIPMENT_DELAY,LOW,,,,Shipment Delay — review required (566),2026-07-22T20:37:46,false,
ALT-300567,SHIPMENT_DELAY,MEDIUM,,,,Shipment Delay — review required (567),2026-07-16T04:37:46,false,
ALT-300568,EXPIRY_WARNING,LOW,SKU-00338,,,Expiry Warning — review required (568),2026-07-21T05:37:46,true,2026-07-23T01:37:46.555489
ALT-300569,CAPACITY_WARNING,CRITICAL,,LOC-012,,Capacity Warning — review required (569),2026-07-18T10:37:46,true,2026-07-19T00:37:46.555489
ALT-300570,LOW_STOCK,CRITICAL,SKU-00124,LOC-007,,Low Stock — review required (570),2026-07-03T00:37:46,false,
ALT-300571,LOW_STOCK,HIGH,SKU-00072,LOC-010,,Low Stock — review required (571),2026-07-21T00:37:46,true,2026-07-22T19:37:46.555489
ALT-300572,SHIPMENT_DELAY,LOW,,,,Shipment Delay — review required (572),2026-07-07T14:37:46,true,2026-07-09T13:37:46.555489
ALT-300573,SUPPLIER_RISK,CRITICAL,,,SUP-191,Supplier Risk — review required (573),2026-07-15T07:37:46,false,
ALT-300574,AUDIT_DUE,CRITICAL,,,SUP-094,Audit Due — review required (574),2026-07-11T22:37:46,false,
ALT-300575,AUDIT_DUE,HIGH,,,SUP-173,Audit Due — review required (575),2026-07-21T03:37:46,false,
ALT-300576,SHIPMENT_DELAY,HIGH,,,,Shipment Delay — review required (576),2026-07-01T23:37:46,true,2026-07-03T04:37:46.555489
ALT-300577,AUDIT_DUE,LOW,,,SUP-104,Audit Due — review required (577),2026-07-31T11:37:46,true,2026-08-02T03:37:46.555489
ALT-300578,CAPACITY_WARNING,MEDIUM,,LOC-005,,Capacity Warning — review required (578),2026-07-01T19:37:46,false,
ALT-300579,CAPACITY_WARNING,HIGH,,LOC-020,,Capacity Warning — review required (579),2026-07-26T23:37:46,false,
ALT-300580,SUPPLIER_RISK,CRITICAL,,,SUP-145,Supplier Risk — review required (580),2026-07-25T17:37:46,false,
ALT-300581,SUPPLIER_RISK,CRITICAL,,,SUP-013,Supplier Risk — review required (581),2026-07-19T11:37:46,true,2026-07-19T18:37:46.555489
ALT-300582,CAPACITY_WARNING,LOW,,LOC-015,,Capacity Warning — review required (582),2026-07-02T23:37:46,true,2026-07-04T10:37:46.555489
ALT-300583,AUDIT_DUE,CRITICAL,,,SUP-002,Audit Due — review required (583),2026-07-14T19:37:46,false,
ALT-300584,SHIPMENT_DELAY,MEDIUM,,,,Shipment Delay — review required (584),2026-07-13T13:37:46,true,2026-07-14T19:37:46.555489
ALT-300585,SUPPLIER_RISK,CRITICAL,,,SUP-175,Supplier Risk — review required (585),2026-07-06T11:37:46,true,2026-07-06T23:37:46.555489
ALT-300586,LOW_STOCK,MEDIUM,SKU-00110,LOC-001,,Low Stock — review required (586),2026-07-06T09:37:46,false,
ALT-300587,SUPPLIER_RISK,HIGH,,,SUP-090,Supplier Risk — review required (587),2026-07-02T09:37:46,true,2026-07-03T18:37:46.555489
ALT-300588,SHIPMENT_DELAY,HIGH,,,,Shipment Delay — review required (588),2026-07-25T15:37:46,false,
ALT-300589,SHIPMENT_DELAY,HIGH,,,,Shipment Delay — review required (589),2026-07-06T13:37:46,true,2026-07-07T08:37:46.555489
ALT-300590,EXPIRY_WARNING,LOW,SKU-00287,,,Expiry Warning — review required (590),2026-07-11T10:37:46,false,
ALT-300591,CAPACITY_WARNING,LOW,,LOC-009,,Capacity Warning — review required (591),2026-07-21T03:37:46,false,
ALT-300592,EXPIRY_WARNING,LOW,SKU-00297,,,Expiry Warning — review required (592),2026-07-08T22:37:46,false,
ALT-300593,SUPPLIER_RISK,CRITICAL,,,SUP-164,Supplier Risk — review required (593),2026-07-17T05:37:46,false,
ALT-300594,SUPPLIER_RISK,HIGH,,,SUP-141,Supplier Risk — review required (594),2026-07-04T09:37:46,false,
ALT-300595,LOW_STOCK,MEDIUM,SKU-00422,LOC-014,,Low Stock — review required (595),2026-07-13T08:37:46,false,
ALT-300596,CAPACITY_WARNING,LOW,,LOC-014,,Capacity Warning — review required (596),2026-07-11T14:37:46,true,2026-07-13T08:37:46.555489
ALT-300597,SUPPLIER_RISK,CRITICAL,,,SUP-060,Supplier Risk — review required (597),2026-07-26T07:37:46,false,
ALT-300598,SHIPMENT_DELAY,MEDIUM,,,,Shipment Delay — review required (598),2026-07-19T10:37:46,false,
ALT-300599,LOW_STOCK,CRITICAL,SKU-00133,LOC-014,,Low Stock — review required (599),2026-07-13T19:37:46,false,
ALT-300600,AUDIT_DUE,CRITICAL,,,SUP-193,Audit Due — review required (600),2026-07-04T05:37:46,false,
ALT-300601,SUPPLIER_RISK,MEDIUM,,,SUP-062,Supplier Risk — review required (601),2026-07-28T08:37:46,true,2026-07-28T15:37:46.555489
ALT-300602,SHIPMENT_DELAY,MEDIUM,,,,Shipment Delay — review required (602),2026-07-30T01:37:46,true,2026-07-31T18:37:46.555489
ALT-300603,AUDIT_DUE,MEDIUM,,,SUP-165,Audit Due — review required (603),2026-07-24T00:37:46,true,2026-07-25T11:37:46.555489
ALT-300604,SHIPMENT_DELAY,MEDIUM,,,,Shipment Delay — review required (604),2026-07-29T01:37:46,true,2026-07-29T12:37:46.555489
ALT-300605,SUPPLIER_RISK,LOW,,,SUP-062,Supplier Risk — review required (605),2026-07-06T04:37:46,true,2026-07-06T21:37:46.555489
ALT-300606,EXPIRY_WARNING,HIGH,SKU-00144,,,Expiry Warning — review required (606),2026-07-06T11:37:46,false,
ALT-300607,EXPIRY_WARNING,MEDIUM,SKU-00079,,,Expiry Warning — review required (607),2026-07-08T13:37:46,false,
ALT-300608,SHIPMENT_DELAY,CRITICAL,,,,Shipment Delay — review required (608),2026-07-10T15:37:46,true,2026-07-11T23:37:46.555489
ALT-300609,SHIPMENT_DELAY,HIGH,,,,Shipment Delay — review required (609),2026-07-06T09:37:46,true,2026-07-08T09:37:46.555489
ALT-300610,AUDIT_DUE,CRITICAL,,,SUP-069,Audit Due — review required (610),2026-07-04T15:37:46,false,
ALT-300611,AUDIT_DUE,MEDIUM,,,SUP-120,Audit Due — review required (611),2026-07-25T07:37:46,true,2026-07-26T12:37:46.555489
ALT-300612,SUPPLIER_RISK,HIGH,,,SUP-004,Supplier Risk — review required (612),2026-07-02T07:37:46,false,
ALT-300613,LOW_STOCK,MEDIUM,SKU-00324,LOC-001,,Low Stock — review required (613),2026-07-06T12:37:46,true,2026-07-08T06:37:46.555489
ALT-300614,CAPACITY_WARNING,LOW,,LOC-004,,Capacity Warning — review required (614),2026-07-28T23:37:46,true,2026-07-29T05:37:46.555489
ALT-300615,EXPIRY_WARNING,CRITICAL,SKU-00375,,,Expiry Warning — review required (615),2026-07-10T09:37:46,true,2026-07-11T15:37:46.555489
ALT-300616,LOW_STOCK,MEDIUM,SKU-00350,LOC-010,,Low Stock — review required (616),2026-07-02T02:37:46,true,2026-07-04T00:37:46.555489
ALT-300617,CAPACITY_WARNING,LOW,,LOC-020,,Capacity Warning — review required (617),2026-07-02T09:37:46,false,
ALT-300618,EXPIRY_WARNING,MEDIUM,SKU-00466,,,Expiry Warning — review required (618),2026-07-25T12:37:46,false,
ALT-300619,EXPIRY_WARNING,HIGH,SKU-00151,,,Expiry Warning — review required (619),2026-07-23T21:37:46,false,
ALT-300620,LOW_STOCK,CRITICAL,SKU-00463,LOC-019,,Low Stock — review required (620),2026-07-16T19:37:46,false,
ALT-300621,LOW_STOCK,HIGH,SKU-00396,LOC-013,,Low Stock — review required (621),2026-07-30T17:37:46,false,
ALT-300622,LOW_STOCK,LOW,SKU-00349,LOC-001,,Low Stock — review required (622),2026-07-21T06:37:46,true,2026-07-21T13:37:46.555489
ALT-300623,SUPPLIER_RISK,MEDIUM,,,SUP-115,Supplier Risk — review required (623),2026-07-28T15:37:46,true,2026-07-29T15:37:46.555489
ALT-300624,SHIPMENT_DELAY,MEDIUM,,,,Shipment Delay — review required (624),2026-07-23T15:37:46,true,2026-07-24T00:37:46.555489
ALT-300625,SHIPMENT_DELAY,MEDIUM,,,,Shipment Delay — review required (625),2026-07-10T03:37:46,false,
ALT-300626,EXPIRY_WARNING,MEDIUM,SKU-00219,,,Expiry Warning — review required (626),2026-07-29T08:37:46,true,2026-07-31T03:37:46.555489
ALT-300627,CAPACITY_WARNING,LOW,,LOC-007,,Capacity Warning — review required (627),2026-07-08T16:37:46,false,
ALT-300628,AUDIT_DUE,CRITICAL,,,SUP-192,Audit Due — review required (628),2026-07-22T00:37:46,true,2026-07-22T21:37:46.555489
ALT-300629,EXPIRY_WARNING,CRITICAL,SKU-00261,,,Expiry Warning — review required (629),2026-07-24T12:37:46,true,2026-07-24T22:37:46.555489
ALT-300630,SHIPMENT_DELAY,CRITICAL,,,,Shipment Delay — review required (630),2026-07-13T01:37:46,true,2026-07-14T10:37:46.555489
ALT-300631,SHIPMENT_DELAY,MEDIUM,,,,Shipment Delay — review required (631),2026-07-08T04:37:46,true,2026-07-09T08:37:46.555489
ALT-300632,SHIPMENT_DELAY,LOW,,,,Shipment Delay — review required (632),2026-07-04T01:37:46,true,2026-07-04T19:37:46.555489
ALT-300633,CAPACITY_WARNING,CRITICAL,,LOC-007,,Capacity Warning — review required (633),2026-07-17T06:37:46,false,
ALT-300634,AUDIT_DUE,LOW,,,SUP-157,Audit Due — review required (634),2026-07-05T21:37:46,true,2026-07-07T20:37:46.555489
ALT-300635,AUDIT_DUE,MEDIUM,,,SUP-177,Audit Due — review required (635),2026-07-19T04:37:46,false,
ALT-300636,EXPIRY_WARNING,LOW,SKU-00339,,,Expiry Warning — review required (636),2026-07-15T00:37:46,false,
ALT-300637,LOW_STOCK,LOW,SKU-00402,LOC-006,,Low Stock — review required (637),2026-07-31T08:37:46,false,
ALT-300638,CAPACITY_WARNING,LOW,,LOC-007,,Capacity Warning — review required (638),2026-07-09T06:37:46,false,
ALT-300639,EXPIRY_WARNING,CRITICAL,SKU-00317,,,Expiry Warning — review required (639),2026-07-03T20:37:46,false,
ALT-300640,AUDIT_DUE,HIGH,,,SUP-122,Audit Due — review required (640),2026-07-20T20:37:46,false,
ALT-300641,SHIPMENT_DELAY,CRITICAL,,,,Shipment Delay — review required (641),2026-07-16T01:37:46,false,
ALT-300642,SHIPMENT_DELAY,CRITICAL,,,,Shipment Delay — review required (642),2026-07-19T14:37:46,true,2026-07-19T19:37:46.555489
ALT-300643,CAPACITY_WARNING,HIGH,,LOC-001,,Capacity Warning — review required (643),2026-07-16T02:37:46,true,2026-07-17T15:37:46.555489
ALT-300644,CAPACITY_WARNING,HIGH,,LOC-008,,Capacity Warning — review required (644),2026-07-26T21:37:46,false,
ALT-300645,LOW_STOCK,LOW,SKU-00253,LOC-007,,Low Stock — review required (645),2026-07-13T11:37:46,true,2026-07-14T02:37:46.555489
ALT-300646,LOW_STOCK,MEDIUM,SKU-00131,LOC-017,,Low Stock — review required (646),2026-07-12T02:37:46,false,
ALT-300647,LOW_STOCK,CRITICAL,SKU-00381,LOC-016,,Low Stock — review required (647),2026-07-03T06:37:46,false,
ALT-300648,AUDIT_DUE,MEDIUM,,,SUP-034,Audit Due — review required (648),2026-07-12T09:37:46,true,2026-07-12T15:37:46.555489
ALT-300649,LOW_STOCK,MEDIUM,SKU-00459,LOC-001,,Low Stock — review required (649),2026-07-13T10:37:46,false,
ALT-300650,SHIPMENT_DELAY,HIGH,,,,Shipment Delay — review required (650),2026-07-13T14:37:46,false,
ALT-300651,AUDIT_DUE,LOW,,,SUP-129,Audit Due — review required (651),2026-07-09T04:37:46,false,
ALT-300652,SHIPMENT_DELAY,CRITICAL,,,,Shipment Delay — review required (652),2026-07-12T06:37:46,false,
ALT-300653,SHIPMENT_DELAY,CRITICAL,,,,Shipment Delay — review required (653),2026-07-23T15:37:46,true,2026-07-23T23:37:46.555489
ALT-300654,CAPACITY_WARNING,MEDIUM,,LOC-005,,Capacity Warning — review required (654),2026-07-22T07:37:46,true,2026-07-24T06:37:46.555489
ALT-300655,SUPPLIER_RISK,MEDIUM,,,SUP-107,Supplier Risk — review required (655),2026-07-18T05:37:46,false,
ALT-300656,SUPPLIER_RISK,CRITICAL,,,SUP-163,Supplier Risk — review required (656),2026-07-24T03:37:46,false,
ALT-300657,EXPIRY_WARNING,MEDIUM,SKU-00377,,,Expiry Warning — review required (657),2026-07-11T17:37:46,false,
ALT-300658,SUPPLIER_RISK,HIGH,,,SUP-159,Supplier Risk — review required (658),2026-07-27T11:37:46,false,
ALT-300659,EXPIRY_WARNING,MEDIUM,SKU-00094,,,Expiry Warning — review required (659),2026-07-02T04:37:46,true,2026-07-03T12:37:46.555489
ALT-300660,SHIPMENT_DELAY,CRITICAL,,,,Shipment Delay — review required (660),2026-07-08T02:37:46,false,
ALT-300661,LOW_STOCK,HIGH,SKU-00182,LOC-016,,Low Stock — review required (661),2026-07-04T14:37:46,false,
ALT-300662,LOW_STOCK,CRITICAL,SKU-00270,LOC-014,,Low Stock — review required (662),2026-07-06T09:37:46,false,
ALT-300663,CAPACITY_WARNING,MEDIUM,,LOC-010,,Capacity Warning — review required (663),2026-07-02T20:37:46,true,2026-07-04T12:37:46.555489
ALT-300664,SHIPMENT_DELAY,CRITICAL,,,,Shipment Delay — review required (664),2026-07-05T14:37:46,true,2026-07-07T11:37:46.555489
ALT-300665,SUPPLIER_RISK,CRITICAL,,,SUP-073,Supplier Risk — review required (665),2026-07-27T00:37:46,true,2026-07-28T12:37:46.555489
ALT-300666,LOW_STOCK,MEDIUM,SKU-00422,LOC-016,,Low Stock — review required (666),2026-07-15T11:37:46,false,
ALT-300667,SUPPLIER_RISK,CRITICAL,,,SUP-132,Supplier Risk — review required (667),2026-07-05T02:37:46,false,
ALT-300668,SUPPLIER_RISK,LOW,,,SUP-014,Supplier Risk — review required (668),2026-07-16T14:37:46,false,
ALT-300669,SHIPMENT_DELAY,LOW,,,,Shipment Delay — review required (669),2026-07-13T20:37:46,false,
ALT-300670,EXPIRY_WARNING,LOW,SKU-00445,,,Expiry Warning — review required (670),2026-07-05T06:37:46,false,
ALT-300671,LOW_STOCK,LOW,SKU-00155,LOC-014,,Low Stock — review required (671),2026-07-22T08:37:46,true,2026-07-22T09:37:46.555489
ALT-300672,CAPACITY_WARNING,MEDIUM,,LOC-018,,Capacity Warning — review required (672),2026-07-16T00:37:46,false,
ALT-300673,EXPIRY_WARNING,LOW,SKU-00037,,,Expiry Warning — review required (673),2026-07-06T23:37:46,false,
ALT-300674,SUPPLIER_RISK,CRITICAL,,,SUP-083,Supplier Risk — review required (674),2026-07-05T03:37:46,true,2026-07-06T12:37:46.555489
ALT-300675,AUDIT_DUE,CRITICAL,,,SUP-115,Audit Due — review required (675),2026-07-13T17:37:46,false,
ALT-300676,SUPPLIER_RISK,MEDIUM,,,SUP-088,Supplier Risk — review required (676),2026-07-11T16:37:46,true,2026-07-12T04:37:46.555489
ALT-300677,LOW_STOCK,CRITICAL,SKU-00492,LOC-017,,Low Stock — review required (677),2026-07-26T18:37:46,false,
ALT-300678,CAPACITY_WARNING,MEDIUM,,LOC-010,,Capacity Warning — review required (678),2026-07-04T23:37:46,true,2026-07-06T06:37:46.555489
ALT-300679,LOW_STOCK,LOW,SKU-00258,LOC-002,,Low Stock — review required (679),2026-07-03T05:37:46,true,2026-07-04T14:37:46.555489
ALT-300680,LOW_STOCK,MEDIUM,SKU-00087,LOC-001,,Low Stock — review required (680),2026-07-24T23:37:46,false,
ALT-300681,EXPIRY_WARNING,MEDIUM,SKU-00433,,,Expiry Warning — review required (681),2026-07-06T11:37:46,false,
ALT-300682,LOW_STOCK,MEDIUM,SKU-00412,LOC-015,,Low Stock — review required (682),2026-07-10T05:37:46,true,2026-07-11T01:37:46.555489
ALT-300683,CAPACITY_WARNING,MEDIUM,,LOC-013,,Capacity Warning — review required (683),2026-07-17T03:37:46,false,
ALT-300684,EXPIRY_WARNING,HIGH,SKU-00299,,,Expiry Warning — review required (684),2026-07-15T13:37:46,false,
ALT-300685,SUPPLIER_RISK,HIGH,,,SUP-084,Supplier Risk — review required (685),2026-07-02T19:37:46,false,
ALT-300686,EXPIRY_WARNING,LOW,SKU-00293,,,Expiry Warning — review required (686),2026-07-20T02:37:46,false,
ALT-300687,SHIPMENT_DELAY,LOW,,,,Shipment Delay — review required (687),2026-07-28T20:37:46,false,
ALT-300688,LOW_STOCK,MEDIUM,SKU-00106,LOC-001,,Low Stock — review required (688),2026-07-19T23:37:46,false,
ALT-300689,AUDIT_DUE,LOW,,,SUP-190,Audit Due — review required (689),2026-07-22T02:37:46,false,
ALT-300690,SHIPMENT_DELAY,LOW,,,,Shipment Delay — review required (690),2026-07-05T01:37:46,false,
ALT-300691,SUPPLIER_RISK,LOW,,,SUP-090,Supplier Risk — review required (691),2026-07-06T22:37:46,false,
ALT-300692,LOW_STOCK,HIGH,SKU-00203,LOC-008,,Low Stock — review required (692),2026-07-14T06:37:46,false,
ALT-300693,EXPIRY_WARNING,CRITICAL,SKU-00102,,,Expiry Warning — review required (693),2026-07-04T03:37:46,false,
ALT-300694,SUPPLIER_RISK,HIGH,,,SUP-150,Supplier Risk — review required (694),2026-07-25T15:37:46,false,
ALT-300695,EXPIRY_WARNING,LOW,SKU-00490,,,Expiry Warning — review required (695),2026-07-07T11:37:46,false,
ALT-300696,LOW_STOCK,HIGH,SKU-00282,LOC-004,,Low Stock — review required (696),2026-07-06T01:37:46,false,
ALT-300697,LOW_STOCK,HIGH,SKU-00435,LOC-012,,Low Stock — review required (697),2026-07-26T18:37:46,true,2026-07-27T12:37:46.555489
ALT-300698,EXPIRY_WARNING,HIGH,SKU-00110,,,Expiry Warning — review required (698),2026-07-21T10:37:46,false,
ALT-300699,CAPACITY_WARNING,MEDIUM,,LOC-020,,Capacity Warning — review required (699),2026-07-19T10:37:46,false,
ALT-300700,AUDIT_DUE,CRITICAL,,,SUP-133,Audit Due — review required (700),2026-07-24T08:37:46,true,2026-07-24T17:37:46.555489
ALT-300701,SUPPLIER_RISK,MEDIUM,,,SUP-007,Supplier Risk — review required (701),2026-07-19T06:37:46,false,
ALT-300702,SUPPLIER_RISK,MEDIUM,,,SUP-024,Supplier Risk — review required (702),2026-07-28T04:37:46,false,
ALT-300703,CAPACITY_WARNING,MEDIUM,,LOC-015,,Capacity Warning — review required (703),2026-07-05T16:37:46,false,
ALT-300704,SUPPLIER_RISK,LOW,,,SUP-106,Supplier Risk — review required (704),2026-07-20T03:37:46,true,2026-07-20T13:37:46.555489
ALT-300705,LOW_STOCK,LOW,SKU-00308,LOC-003,,Low Stock — review required (705),2026-07-02T21:37:46,false,
ALT-300706,SUPPLIER_RISK,MEDIUM,,,SUP-132,Supplier Risk — review required (706),2026-07-26T13:37:46,false,
ALT-300707,SHIPMENT_DELAY,LOW,,,,Shipment Delay — review required (707),2026-07-11T06:37:46,true,2026-07-13T04:37:46.555489
ALT-300708,CAPACITY_WARNING,CRITICAL,,LOC-004,,Capacity Warning — review required (708),2026-07-30T00:37:46,true,2026-07-30T15:37:46.555489
ALT-300709,LOW_STOCK,HIGH,SKU-00387,LOC-001,,Low Stock — review required (709),2026-07-30T22:37:46,false,
ALT-300710,SUPPLIER_RISK,CRITICAL,,,SUP-146,Supplier Risk — review required (710),2026-07-05T07:37:46,true,2026-07-06T20:37:46.555489
ALT-300711,LOW_STOCK,HIGH,SKU-00475,LOC-012,,Low Stock — review required (711),2026-07-08T21:37:46,false,
ALT-300712,LOW_STOCK,HIGH,SKU-00152,LOC-003,,Low Stock — review required (712),2026-07-15T19:37:46,true,2026-07-16T04:37:46.555489
ALT-300713,EXPIRY_WARNING,CRITICAL,SKU-00225,,,Expiry Warning — review required (713),2026-07-22T03:37:46,true,2026-07-23T23:37:46.555489
ALT-300714,LOW_STOCK,MEDIUM,SKU-00033,LOC-008,,Low Stock — review required (714),2026-07-28T21:37:46,true,2026-07-30T18:37:46.555489
ALT-300715,AUDIT_DUE,MEDIUM,,,SUP-187,Audit Due — review required (715),2026-07-08T01:37:46,false,
ALT-300716,SUPPLIER_RISK,HIGH,,,SUP-028,Supplier Risk — review required (716),2026-07-05T05:37:46,false,
ALT-300717,CAPACITY_WARNING,MEDIUM,,LOC-014,,Capacity Warning — review required (717),2026-07-28T19:37:46,true,2026-07-30T17:37:46.555489
ALT-300718,SHIPMENT_DELAY,LOW,,,,Shipment Delay — review required (718),2026-07-31T14:37:46,false,
ALT-300719,CAPACITY_WARNING,MEDIUM,,LOC-018,,Capacity Warning — review required (719),2026-07-22T20:37:46,false,
ALT-300720,LOW_STOCK,MEDIUM,SKU-00054,LOC-019,,Low Stock — review required (720),2026-07-28T12:37:46,false,
ALT-300721,EXPIRY_WARNING,LOW,SKU-00330,,,Expiry Warning — review required (721),2026-07-27T16:37:46,false,
ALT-300722,LOW_STOCK,MEDIUM,SKU-00417,LOC-020,,Low Stock — review required (722),2026-07-10T08:37:46,true,2026-07-11T14:37:46.555489
ALT-300723,LOW_STOCK,HIGH,SKU-00403,LOC-020,,Low Stock — review required (723),2026-07-03T19:37:46,false,
ALT-300724,CAPACITY_WARNING,CRITICAL,,LOC-015,,Capacity Warning — review required (724),2026-07-20T10:37:46,false,
ALT-300725,AUDIT_DUE,MEDIUM,,,SUP-100,Audit Due — review required (725),2026-07-05T07:37:46,true,2026-07-06T16:37:46.555489
ALT-300726,AUDIT_DUE,LOW,,,SUP-058,Audit Due — review required (726),2026-07-23T04:37:46,true,2026-07-23T06:37:46.555489
ALT-300727,AUDIT_DUE,MEDIUM,,,SUP-065,Audit Due — review required (727),2026-07-05T17:37:46,true,2026-07-06T01:37:46.555489
ALT-300728,CAPACITY_WARNING,HIGH,,LOC-014,,Capacity Warning — review required (728),2026-07-16T00:37:46,false,
ALT-300729,AUDIT_DUE,CRITICAL,,,SUP-073,Audit Due — review required (729),2026-07-13T05:37:46,true,2026-07-14T06:37:46.555489
ALT-300730,LOW_STOCK,HIGH,SKU-00091,LOC-011,,Low Stock — review required (730),2026-07-18T09:37:46,false,
ALT-300731,AUDIT_DUE,CRITICAL,,,SUP-194,Audit Due — review required (731),2026-07-09T12:37:46,false,
ALT-300732,CAPACITY_WARNING,CRITICAL,,LOC-007,,Capacity Warning — review required (732),2026-07-18T17:37:46,true,2026-07-20T15:37:46.555489
ALT-300733,AUDIT_DUE,MEDIUM,,,SUP-171,Audit Due — review required (733),2026-07-28T10:37:46,false,
ALT-300734,LOW_STOCK,LOW,SKU-00108,LOC-013,,Low Stock — review required (734),2026-07-21T14:37:46,true,2026-07-22T13:37:46.555489
ALT-300735,EXPIRY_WARNING,CRITICAL,SKU-00476,,,Expiry Warning — review required (735),2026-07-12T16:37:46,true,2026-07-13T02:37:46.555489
ALT-300736,LOW_STOCK,CRITICAL,SKU-00332,LOC-017,,Low Stock — review required (736),2026-07-23T14:37:46,false,
ALT-300737,SUPPLIER_RISK,MEDIUM,,,SUP-101,Supplier Risk — review required (737),2026-07-17T03:37:46,true,2026-07-18T20:37:46.555489
ALT-300738,CAPACITY_WARNING,MEDIUM,,LOC-003,,Capacity Warning — review required (738),2026-07-22T09:37:46,true,2026-07-23T22:37:46.555489
ALT-300739,SUPPLIER_RISK,CRITICAL,,,SUP-040,Supplier Risk — review required (739),2026-07-06T00:37:46,false,
ALT-300740,EXPIRY_WARNING,MEDIUM,SKU-00428,,,Expiry Warning — review required (740),2026-07-02T22:37:46,true,2026-07-04T02:37:46.555489
ALT-300741,SHIPMENT_DELAY,LOW,,,,Shipment Delay — review required (741),2026-07-27T16:37:46,false,
ALT-300742,SUPPLIER_RISK,CRITICAL,,,SUP-089,Supplier Risk — review required (742),2026-07-18T00:37:46,false,
ALT-300743,AUDIT_DUE,CRITICAL,,,SUP-041,Audit Due — review required (743),2026-07-20T05:37:46,true,2026-07-21T22:37:46.555489
ALT-300744,EXPIRY_WARNING,CRITICAL,SKU-00495,,,Expiry Warning — review required (744),2026-07-28T10:37:46,false,
ALT-300745,LOW_STOCK,MEDIUM,SKU-00052,LOC-016,,Low Stock — review required (745),2026-07-29T23:37:46,true,2026-07-30T16:37:46.555489
ALT-300746,EXPIRY_WARNING,CRITICAL,SKU-00180,,,Expiry Warning — review required (746),2026-07-24T19:37:46,false,
ALT-300747,CAPACITY_WARNING,CRITICAL,,LOC-007,,Capacity Warning — review required (747),2026-07-01T23:37:46,false,
ALT-300748,CAPACITY_WARNING,HIGH,,LOC-020,,Capacity Warning — review required (748),2026-07-05T11:37:46,true,2026-07-07T09:37:46.555489
ALT-300749,AUDIT_DUE,MEDIUM,,,SUP-169,Audit Due — review required (749),2026-07-15T16:37:46,false,
ALT-300750,EXPIRY_WARNING,HIGH,SKU-00402,,,Expiry Warning — review required (750),2026-07-21T07:37:46,false,
ALT-300751,LOW_STOCK,CRITICAL,SKU-00304,LOC-015,,Low Stock — review required (751),2026-07-08T14:37:46,false,
ALT-300752,CAPACITY_WARNING,HIGH,,LOC-020,,Capacity Warning — review required (752),2026-07-06T11:37:46,false,
ALT-300753,LOW_STOCK,MEDIUM,SKU-00110,LOC-017,,Low Stock — review required (753),2026-07-22T01:37:46,false,
ALT-300754,EXPIRY_WARNING,MEDIUM,SKU-00283,,,Expiry Warning — review required (754),2026-07-13T20:37:46,false,
ALT-300755,CAPACITY_WARNING,CRITICAL,,LOC-016,,Capacity Warning — review required (755),2026-07-09T13:37:46,false,
ALT-300756,LOW_STOCK,LOW,SKU-00059,LOC-006,,Low Stock — review required (756),2026-07-08T13:37:46,true,2026-07-08T21:37:46.555489
ALT-300757,SHIPMENT_DELAY,HIGH,,,,Shipment Delay — review required (757),2026-07-23T04:37:46,false,
ALT-300758,EXPIRY_WARNING,LOW,SKU-00383,,,Expiry Warning — review required (758),2026-07-09T07:37:46,true,2026-07-10T11:37:46.555489
ALT-300759,CAPACITY_WARNING,HIGH,,LOC-007,,Capacity Warning — review required (759),2026-07-12T20:37:46,false,
ALT-300760,EXPIRY_WARNING,HIGH,SKU-00463,,,Expiry Warning — review required (760),2026-07-29T01:37:46,true,2026-07-30T07:37:46.555489
ALT-300761,SHIPMENT_DELAY,HIGH,,,,Shipment Delay — review required (761),2026-07-23T20:37:46,true,2026-07-24T00:37:46.555489
ALT-300762,AUDIT_DUE,CRITICAL,,,SUP-093,Audit Due — review required (762),2026-07-19T10:37:46,true,2026-07-21T10:37:46.555489
ALT-300763,AUDIT_DUE,CRITICAL,,,SUP-020,Audit Due — review required (763),2026-07-21T04:37:46,true,2026-07-22T08:37:46.555489
ALT-300764,SHIPMENT_DELAY,HIGH,,,,Shipment Delay — review required (764),2026-07-16T19:37:46,true,2026-07-17T13:37:46.555489
ALT-300765,LOW_STOCK,CRITICAL,SKU-00294,LOC-016,,Low Stock — review required (765),2026-07-05T02:37:46,true,2026-07-06T07:37:46.555489
ALT-300766,EXPIRY_WARNING,MEDIUM,SKU-00294,,,Expiry Warning — review required (766),2026-07-04T18:37:46,false,
ALT-300767,LOW_STOCK,MEDIUM,SKU-00232,LOC-001,,Low Stock — review required (767),2026-07-21T13:37:46,false,
ALT-300768,EXPIRY_WARNING,LOW,SKU-00034,,,Expiry Warning — review required (768),2026-07-28T09:37:46,false,
ALT-300769,CAPACITY_WARNING,HIGH,,LOC-019,,Capacity Warning — review required (769),2026-07-17T12:37:46,false,
ALT-300770,EXPIRY_WARNING,HIGH,SKU-00060,,,Expiry Warning — review required (770),2026-07-18T04:37:46,true,2026-07-18T15:37:46.555489
ALT-300771,SUPPLIER_RISK,HIGH,,,SUP-034,Supplier Risk — review required (771),2026-07-05T21:37:46,false,
ALT-300772,AUDIT_DUE,LOW,,,SUP-026,Audit Due — review required (772),2026-07-08T11:37:46,true,2026-07-09T11:37:46.555489
ALT-300773,LOW_STOCK,LOW,SKU-00235,LOC-005,,Low Stock — review required (773),2026-07-31T01:37:46,false,
ALT-300774,SUPPLIER_RISK,HIGH,,,SUP-136,Supplier Risk — review required (774),2026-07-22T08:37:46,true,2026-07-23T14:37:46.555489
ALT-300775,SHIPMENT_DELAY,MEDIUM,,,,Shipment Delay — review required (775),2026-07-28T14:37:46,true,2026-07-29T21:37:46.555489
ALT-300776,EXPIRY_WARNING,MEDIUM,SKU-00157,,,Expiry Warning — review required (776),2026-07-29T04:37:46,false,
ALT-300777,SUPPLIER_RISK,MEDIUM,,,SUP-149,Supplier Risk — review required (777),2026-07-27T14:37:46,false,
ALT-300778,EXPIRY_WARNING,MEDIUM,SKU-00091,,,Expiry Warning — review required (778),2026-07-29T03:37:46,true,2026-07-29T07:37:46.555489
ALT-300779,AUDIT_DUE,MEDIUM,,,SUP-115,Audit Due — review required (779),2026-07-22T23:37:46,false,
ALT-300780,CAPACITY_WARNING,LOW,,LOC-005,,Capacity Warning — review required (780),2026-07-10T06:37:46,true,2026-07-10T22:37:46.555489
ALT-300781,LOW_STOCK,MEDIUM,SKU-00300,LOC-014,,Low Stock — review required (781),2026-07-27T01:37:46,false,
ALT-300782,AUDIT_DUE,CRITICAL,,,SUP-110,Audit Due — review required (782),2026-07-03T07:37:46,false,
ALT-300783,LOW_STOCK,CRITICAL,SKU-00326,LOC-018,,Low Stock — review required (783),2026-07-11T11:37:46,true,2026-07-12T01:37:46.555489
ALT-300784,SUPPLIER_RISK,CRITICAL,,,SUP-001,Supplier Risk — review required (784),2026-07-14T09:37:46,true,2026-07-16T05:37:46.555489
ALT-300785,AUDIT_DUE,LOW,,,SUP-025,Audit Due — review required (785),2026-07-10T00:37:46,false,
ALT-300786,CAPACITY_WARNING,CRITICAL,,LOC-014,,Capacity Warning — review required (786),2026-07-23T17:37:46,false,
ALT-300787,LOW_STOCK,HIGH,SKU-00242,LOC-013,,Low Stock — review required (787),2026-07-30T05:37:46,true,2026-07-31T12:37:46.555489
ALT-300788,EXPIRY_WARNING,LOW,SKU-00308,,,Expiry Warning — review required (788),2026-07-21T04:37:46,true,2026-07-21T17:37:46.555489
ALT-300789,EXPIRY_WARNING,MEDIUM,SKU-00166,,,Expiry Warning — review required (789),2026-07-07T00:37:46,false,
ALT-300790,AUDIT_DUE,HIGH,,,SUP-165,Audit Due — review required (790),2026-07-30T10:37:46,false,
ALT-300791,CAPACITY_WARNING,CRITICAL,,LOC-001,,Capacity Warning — review required (791),2026-07-08T08:37:46,true,2026-07-09T15:37:46.555489
ALT-300792,AUDIT_DUE,LOW,,,SUP-017,Audit Due — review required (792),2026-07-26T02:37:46,false,
ALT-300793,EXPIRY_WARNING,CRITICAL,SKU-00325,,,Expiry Warning — review required (793),2026-07-22T15:37:46,true,2026-07-24T03:37:46.555489
ALT-300794,LOW_STOCK,CRITICAL,SKU-00028,LOC-011,,Low Stock — review required (794),2026-07-08T11:37:46,true,2026-07-08T16:37:46.555489
ALT-300795,AUDIT_DUE,CRITICAL,,,SUP-131,Audit Due — review required (795),2026-07-06T05:37:46,false,
ALT-300796,SHIPMENT_DELAY,MEDIUM,,,,Shipment Delay — review required (796),2026-07-13T20:37:46,true,2026-07-14T16:37:46.555489
ALT-300797,LOW_STOCK,LOW,SKU-00360,LOC-015,,Low Stock — review required (797),2026-07-29T04:37:46,false,
ALT-300798,SUPPLIER_RISK,LOW,,,SUP-106,Supplier Risk — review required (798),2026-07-24T09:37:46,false,
ALT-300799,AUDIT_DUE,CRITICAL,,,SUP-099,Audit Due — review required (799),2026-07-25T13:37:46,false,
